CreditCardId,Timestamp,Location,Amount,Type
71B3B20F-0BD1-4C1D-BA33-3264D904581C,2019-07-08T18:11:11.4788705+05:30,San Francisco,37,Regular
71B3B20F-0BD1-4C1D-BA33-3264D904581C,2019-07-08T18:21:11.4788705+05:30,San Francisco,864,Regular
71B3B20F-0BD1-4C1D-BA33-3264D904581C,2019-07-08T18:31:11.4788705+05:30,San Francisco,721,Regular
B3B19755-C6E5-4E4A-B423-1B31DCCEB137,2019-07-08T18:41:11.4788705+05:30,New York,143,Regular
B3B19755-C6E5-4E4A-B423-1B31DCCEB137,2019-07-08T18:51:11.4788705+05:30,New York,204,Regular
71B3B20F-0BD1-4C1D-BA33-3264D904581C,2019-07-08T19:01:11.4788705+05:30,San Francisco,997,Regular
039AA17C-2C5C-4A4F-B019-D416D0E4F5E6,2019-07-08T19:11:11.4788705+05:30,Miami,617,Regular
1AF29CA0-FBF2-48B6-9D0B-88FF331FADC1,2019-07-08T19:21:11.4788705+05:30,Kahului,145,Regular
039AA17C-2C5C-4A4F-B019-D416D0E4F5E6,2019-07-08T19:31:11.4788705+05:30,Miami,282,Regular
039AA17C-2C5C-4A4F-B019-D416D0E4F5E6,2019-07-08T19:41:11.4788705+05:30,Miami,748,Regular
B3B19755-C6E5-4E4A-B423-1B31DCCEB137,2019-07-08T19:51:11.4788705+05:30,New York,91,Regular
B3B19755-C6E5-4E4A-B423-1B31DCCEB137,2019-07-08T20:01:11.4788705+05:30,New York,830,Regular
B3B19755-C6E5-4E4A-B423-1B31DCCEB137,2019-07-08T20:11:11.4788705+05:30,New York,387,Regular
FC6018B3-B934-4FFF-B6A9-904C4B3082C7,2019-07-08T20:21:11.4788705+05:30,Seattle,742,Regular
FC6018B3-B934-4FFF-B6A9-904C4B3082C7,2019-07-08T20:31:11.4788705+05:30,Seattle,922,Regular
B3B19755-C6E5-4E4A-B423-1B31DCCEB137,2019-07-08T20:41:11.4788705+05:30,New York,492,Regular
1AF29CA0-FBF2-48B6-9D0B-88FF331FADC1,2019-07-08T20:51:11.4788705+05:30,Kahului,542,Regular
71B3B20F-0BD1-4C1D-BA33-3264D904581C,2019-07-08T21:01:11.4788705+05:30,San Francisco,115,Regular
FC6018B3-B934-4FFF-B6A9-904C4B3082C7,2019-07-08T21:11:11.4788705+05:30,Seattle,305,Regular
039AA17C-2C5C-4A4F-B019-D416D0E4F5E6,2019-07-08T21:21:11.4788705+05:30,Miami,53,Regular
B3B19755-C6E5-4E4A-B423-1B31DCCEB137,2019-07-08T21:31:11.4788705+05:30,New York,723,Regular
039AA17C-2C5C-4A4F-B019-D416D0E4F5E6,2019-07-08T21:41:11.4788705+05:30,Miami,333,Regular
039AA17C-2C5C-4A4F-B019-D416D0E4F5E6,2019-07-08T21:41:13.4788705+05:30,Seattle,163,Suspect
B3B19755-C6E5-4E4A-B423-1B31DCCEB137,2019-07-08T21:51:11.4788705+05:30,New York,790,Regular
B3B19755-C6E5-4E4A-B423-1B31DCCEB137,2019-07-08T22:01:11.4788705+05:30,New York,722,Regular
B3B19755-C6E5-4E4A-B423-1B31DCCEB137,2019-07-08T22:11:11.4788705+05:30,New York,680,Regular
1AF29CA0-FBF2-48B6-9D0B-88FF331FADC1,2019-07-08T22:21:11.4788705+05:30,Kahului,332,Regular
FC6018B3-B934-4FFF-B6A9-904C4B3082C7,2019-07-08T22:31:11.4788705+05:30,Seattle,166,Regular
FC6018B3-B934-4FFF-B6A9-904C4B3082C7,2019-07-08T22:41:11.4788705+05:30,Seattle,247,Regular
1AF29CA0-FBF2-48B6-9D0B-88FF331FADC1,2019-07-08T22:51:11.4788705+05:30,Kahului,414,Regular
FC6018B3-B934-4FFF-B6A9-904C4B3082C7,2019-07-08T23:01:11.4788705+05:30,Seattle,541,Regular
039AA17C-2C5C-4A4F-B019-D416D0E4F5E6,2019-07-08T23:11:11.4788705+05:30,Miami,553,Regular
039AA17C-2C5C-4A4F-B019-D416D0E4F5E6,2019-07-08T23:21:11.4788705+05:30,Miami,73,Regular
039AA17C-2C5C-4A4F-B019-D416D0E4F5E6,2019-07-08T23:21:13.4788705+05:30,Kahului,590,Suspect
B3B19755-C6E5-4E4A-B423-1B31DCCEB137,2019-07-08T23:31:11.4788705+05:30,New York,72,Regular
71B3B20F-0BD1-4C1D-BA33-3264D904581C,2019-07-08T23:41:11.4788705+05:30,San Francisco,956,Regular
1AF29CA0-FBF2-48B6-9D0B-88FF331FADC1,2019-07-08T23:51:11.4788705+05:30,Kahului,669,Regular
FC6018B3-B934-4FFF-B6A9-904C4B3082C7,2019-07-09T00:01:11.4788705+05:30,Seattle,623,Regular
1AF29CA0-FBF2-48B6-9D0B-88FF331FADC1,2019-07-09T00:11:11.4788705+05:30,Kahului,30,Regular
1AF29CA0-FBF2-48B6-9D0B-88FF331FADC1,2019-07-09T00:11:13.4788705+05:30,San Francisco,570,Suspect
1AF29CA0-FBF2-48B6-9D0B-88FF331FADC1,2019-07-09T00:21:11.4788705+05:30,Kahului,608,Regular
FC6018B3-B934-4FFF-B6A9-904C4B3082C7,2019-07-09T00:31:11.4788705+05:30,Seattle,293,Regular
039AA17C-2C5C-4A4F-B019-D416D0E4F5E6,2019-07-09T00:41:11.4788705+05:30,Miami,765,Regular
71B3B20F-0BD1-4C1D-BA33-3264D904581C,2019-07-09T00:51:11.4788705+05:30,San Francisco,487,Regular
039AA17C-2C5C-4A4F-B019-D416D0E4F5E6,2019-07-09T01:01:11.4788705+05:30,Miami,979,Regular
1AF29CA0-FBF2-48B6-9D0B-88FF331FADC1,2019-07-09T01:11:11.4788705+05:30,Kahului,680,Regular
1AF29CA0-FBF2-48B6-9D0B-88FF331FADC1,2019-07-09T01:21:11.4788705+05:30,Kahului,603,Regular
71B3B20F-0BD1-4C1D-BA33-3264D904581C,2019-07-09T01:31:11.4788705+05:30,San Francisco,961,Regular
71B3B20F-0BD1-4C1D-BA33-3264D904581C,2019-07-09T01:41:11.4788705+05:30,San Francisco,262,Regular
039AA17C-2C5C-4A4F-B019-D416D0E4F5E6,2019-07-09T01:51:11.4788705+05:30,Miami,819,Regular
71B3B20F-0BD1-4C1D-BA33-3264D904581C,2019-07-09T02:01:11.4788705+05:30,San Francisco,674,Regular
B3B19755-C6E5-4E4A-B423-1B31DCCEB137,2019-07-09T02:11:11.4788705+05:30,New York,913,Regular
039AA17C-2C5C-4A4F-B019-D416D0E4F5E6,2019-07-09T02:21:11.4788705+05:30,Miami,593,Regular
1AF29CA0-FBF2-48B6-9D0B-88FF331FADC1,2019-07-09T02:31:11.4788705+05:30,Kahului,301,Regular
FC6018B3-B934-4FFF-B6A9-904C4B3082C7,2019-07-09T02:41:11.4788705+05:30,Seattle,595,Regular
FC6018B3-B934-4FFF-B6A9-904C4B3082C7,2019-07-09T02:51:11.4788705+05:30,Seattle,259,Regular
1AF29CA0-FBF2-48B6-9D0B-88FF331FADC1,2019-07-09T03:01:11.4788705+05:30,Kahului,178,Regular
1AF29CA0-FBF2-48B6-9D0B-88FF331FADC1,2019-07-09T03:01:13.4788705+05:30,San Francisco,75,Suspect
B3B19755-C6E5-4E4A-B423-1B31DCCEB137,2019-07-09T03:11:11.4788705+05:30,New York,516,Regular
71B3B20F-0BD1-4C1D-BA33-3264D904581C,2019-07-09T03:21:11.4788705+05:30,San Francisco,769,Regular
B3B19755-C6E5-4E4A-B423-1B31DCCEB137,2019-07-09T03:31:11.4788705+05:30,New York,945,Regular
B3B19755-C6E5-4E4A-B423-1B31DCCEB137,2019-07-09T03:31:13.4788705+05:30,San Francisco,945,Suspect
039AA17C-2C5C-4A4F-B019-D416D0E4F5E6,2019-07-09T03:41:11.4788705+05:30,Miami,812,Regular
B3B19755-C6E5-4E4A-B423-1B31DCCEB137,2019-07-09T03:51:11.4788705+05:30,New York,67,Regular
1AF29CA0-FBF2-48B6-9D0B-88FF331FADC1,2019-07-09T04:01:11.4788705+05:30,Kahului,88,Regular
039AA17C-2C5C-4A4F-B019-D416D0E4F5E6,2019-07-09T04:11:11.4788705+05:30,Miami,303,Regular
FC6018B3-B934-4FFF-B6A9-904C4B3082C7,2019-07-09T04:21:11.4788705+05:30,Seattle,367,Regular
FC6018B3-B934-4FFF-B6A9-904C4B3082C7,2019-07-09T04:31:11.4788705+05:30,Seattle,3,Regular
FC6018B3-B934-4FFF-B6A9-904C4B3082C7,2019-07-09T04:31:13.4788705+05:30,San Francisco,832,Suspect
1AF29CA0-FBF2-48B6-9D0B-88FF331FADC1,2019-07-09T04:41:11.4788705+05:30,Kahului,686,Regular
FC6018B3-B934-4FFF-B6A9-904C4B3082C7,2019-07-09T04:51:11.4788705+05:30,Seattle,790,Regular
1AF29CA0-FBF2-48B6-9D0B-88FF331FADC1,2019-07-09T05:01:11.4788705+05:30,Kahului,662,Regular
FC6018B3-B934-4FFF-B6A9-904C4B3082C7,2019-07-09T05:11:11.4788705+05:30,Seattle,592,Regular
039AA17C-2C5C-4A4F-B019-D416D0E4F5E6,2019-07-09T05:21:11.4788705+05:30,Miami,426,Regular
FC6018B3-B934-4FFF-B6A9-904C4B3082C7,2019-07-09T05:31:11.4788705+05:30,Seattle,870,Regular
039AA17C-2C5C-4A4F-B019-D416D0E4F5E6,2019-07-09T05:41:11.4788705+05:30,Miami,388,Regular
1AF29CA0-FBF2-48B6-9D0B-88FF331FADC1,2019-07-09T05:51:11.4788705+05:30,Kahului,136,Regular
71B3B20F-0BD1-4C1D-BA33-3264D904581C,2019-07-09T06:01:11.4788705+05:30,San Francisco,458,Regular
FC6018B3-B934-4FFF-B6A9-904C4B3082C7,2019-07-09T06:11:11.4788705+05:30,Seattle,645,Regular
B3B19755-C6E5-4E4A-B423-1B31DCCEB137,2019-07-09T06:21:11.4788705+05:30,New York,685,Regular
B3B19755-C6E5-4E4A-B423-1B31DCCEB137,2019-07-09T06:21:13.4788705+05:30,San Francisco,17,Suspect
1AF29CA0-FBF2-48B6-9D0B-88FF331FADC1,2019-07-09T06:31:11.4788705+05:30,Kahului,925,Regular
B3B19755-C6E5-4E4A-B423-1B31DCCEB137,2019-07-09T06:41:11.4788705+05:30,New York,316,Regular
1AF29CA0-FBF2-48B6-9D0B-88FF331FADC1,2019-07-09T06:51:11.4788705+05:30,Kahului,190,Regular
1AF29CA0-FBF2-48B6-9D0B-88FF331FADC1,2019-07-09T07:01:11.4788705+05:30,Kahului,813,Regular
1AF29CA0-FBF2-48B6-9D0B-88FF331FADC1,2019-07-09T07:11:11.4788705+05:30,Kahului,754,Regular
FC6018B3-B934-4FFF-B6A9-904C4B3082C7,2019-07-09T07:21:11.4788705+05:30,Seattle,683,Regular
FC6018B3-B934-4FFF-B6A9-904C4B3082C7,2019-07-09T07:21:13.4788705+05:30,New York,854,Suspect
1AF29CA0-FBF2-48B6-9D0B-88FF331FADC1,2019-07-09T07:31:11.4788705+05:30,Kahului,909,Regular
039AA17C-2C5C-4A4F-B019-D416D0E4F5E6,2019-07-09T07:41:11.4788705+05:30,Miami,658,Regular
FC6018B3-B934-4FFF-B6A9-904C4B3082C7,2019-07-09T07:51:11.4788705+05:30,Seattle,661,Regular
FC6018B3-B934-4FFF-B6A9-904C4B3082C7,2019-07-09T07:51:13.4788705+05:30,Kahului,907,Suspect
71B3B20F-0BD1-4C1D-BA33-3264D904581C,2019-07-09T08:01:11.4788705+05:30,San Francisco,409,Regular
B3B19755-C6E5-4E4A-B423-1B31DCCEB137,2019-07-09T08:11:11.4788705+05:30,New York,944,Regular
B3B19755-C6E5-4E4A-B423-1B31DCCEB137,2019-07-09T08:21:11.4788705+05:30,New York,72,Regular
FC6018B3-B934-4FFF-B6A9-904C4B3082C7,2019-07-09T08:31:11.4788705+05:30,Seattle,945,Regular
1AF29CA0-FBF2-48B6-9D0B-88FF331FADC1,2019-07-09T08:41:11.4788705+05:30,Kahului,644,Regular
71B3B20F-0BD1-4C1D-BA33-3264D904581C,2019-07-09T08:51:11.4788705+05:30,San Francisco,890,Regular
71B3B20F-0BD1-4C1D-BA33-3264D904581C,2019-07-09T09:01:11.4788705+05:30,San Francisco,2,Regular
FC6018B3-B934-4FFF-B6A9-904C4B3082C7,2019-07-09T09:11:11.4788705+05:30,Seattle,324,Regular
FC6018B3-B934-4FFF-B6A9-904C4B3082C7,2019-07-09T09:21:11.4788705+05:30,Seattle,108,Regular
FC6018B3-B934-4FFF-B6A9-904C4B3082C7,2019-07-09T09:31:11.4788705+05:30,Seattle,262,Regular
1AF29CA0-FBF2-48B6-9D0B-88FF331FADC1,2019-07-09T09:41:11.4788705+05:30,Kahului,470,Regular
1AF29CA0-FBF2-48B6-9D0B-88FF331FADC1,2019-07-09T09:51:11.4788705+05:30,Kahului,871,Regular
1AF29CA0-FBF2-48B6-9D0B-88FF331FADC1,2019-07-09T09:51:13.4788705+05:30,San Francisco,716,Suspect
FC6018B3-B934-4FFF-B6A9-904C4B3082C7,2019-07-09T10:01:11.4788705+05:30,Seattle,597,Regular
B3B19755-C6E5-4E4A-B423-1B31DCCEB137,2019-07-09T10:11:11.4788705+05:30,New York,797,Regular
71B3B20F-0BD1-4C1D-BA33-3264D904581C,2019-07-09T10:21:11.4788705+05:30,San Francisco,300,Regular
B3B19755-C6E5-4E4A-B423-1B31DCCEB137,2019-07-09T10:31:11.4788705+05:30,New York,369,Regular
039AA17C-2C5C-4A4F-B019-D416D0E4F5E6,2019-07-09T10:41:11.4788705+05:30,Miami,330,Regular
1AF29CA0-FBF2-48B6-9D0B-88FF331FADC1,2019-07-09T10:51:11.4788705+05:30,Kahului,278,Regular
B3B19755-C6E5-4E4A-B423-1B31DCCEB137,2019-07-09T11:01:11.4788705+05:30,New York,291,Regular
039AA17C-2C5C-4A4F-B019-D416D0E4F5E6,2019-07-09T11:11:11.4788705+05:30,Miami,269,Regular
B3B19755-C6E5-4E4A-B423-1B31DCCEB137,2019-07-09T11:21:11.4788705+05:30,New York,345,Regular
039AA17C-2C5C-4A4F-B019-D416D0E4F5E6,2019-07-09T11:31:11.4788705+05:30,Miami,865,Regular
71B3B20F-0BD1-4C1D-BA33-3264D904581C,2019-07-09T11:41:11.4788705+05:30,San Francisco,947,Regular
71B3B20F-0BD1-4C1D-BA33-3264D904581C,2019-07-09T11:51:11.4788705+05:30,San Francisco,142,Regular
71B3B20F-0BD1-4C1D-BA33-3264D904581C,2019-07-09T12:01:11.4788705+05:30,San Francisco,727,Regular
1AF29CA0-FBF2-48B6-9D0B-88FF331FADC1,2019-07-09T12:11:11.4788705+05:30,Kahului,569,Regular
B3B19755-C6E5-4E4A-B423-1B31DCCEB137,2019-07-09T12:21:11.4788705+05:30,New York,490,Regular
71B3B20F-0BD1-4C1D-BA33-3264D904581C,2019-07-09T12:31:11.4788705+05:30,San Francisco,586,Regular
039AA17C-2C5C-4A4F-B019-D416D0E4F5E6,2019-07-09T12:41:11.4788705+05:30,Miami,839,Regular
1AF29CA0-FBF2-48B6-9D0B-88FF331FADC1,2019-07-09T12:51:11.4788705+05:30,Kahului,257,Regular
B3B19755-C6E5-4E4A-B423-1B31DCCEB137,2019-07-09T13:01:11.4788705+05:30,New York,352,Regular
B3B19755-C6E5-4E4A-B423-1B31DCCEB137,2019-07-09T13:01:13.4788705+05:30,San Francisco,977,Suspect
B3B19755-C6E5-4E4A-B423-1B31DCCEB137,2019-07-09T13:11:11.4788705+05:30,New York,396,Regular
FC6018B3-B934-4FFF-B6A9-904C4B3082C7,2019-07-09T13:21:11.4788705+05:30,Seattle,250,Regular
039AA17C-2C5C-4A4F-B019-D416D0E4F5E6,2019-07-09T13:31:11.4788705+05:30,Miami,570,Regular
71B3B20F-0BD1-4C1D-BA33-3264D904581C,2019-07-09T13:41:11.4788705+05:30,San Francisco,350,Regular
71B3B20F-0BD1-4C1D-BA33-3264D904581C,2019-07-09T13:51:11.4788705+05:30,San Francisco,839,Regular
FC6018B3-B934-4FFF-B6A9-904C4B3082C7,2019-07-09T14:01:11.4788705+05:30,Seattle,563,Regular
71B3B20F-0BD1-4C1D-BA33-3264D904581C,2019-07-09T14:11:11.4788705+05:30,San Francisco,156,Regular
B3B19755-C6E5-4E4A-B423-1B31DCCEB137,2019-07-09T14:21:11.4788705+05:30,New York,27,Regular
1AF29CA0-FBF2-48B6-9D0B-88FF331FADC1,2019-07-09T14:31:11.4788705+05:30,Kahului,559,Regular
1AF29CA0-FBF2-48B6-9D0B-88FF331FADC1,2019-07-09T14:31:13.4788705+05:30,San Francisco,691,Suspect
039AA17C-2C5C-4A4F-B019-D416D0E4F5E6,2019-07-09T14:41:11.4788705+05:30,Miami,790,Regular
FC6018B3-B934-4FFF-B6A9-904C4B3082C7,2019-07-09T14:51:11.4788705+05:30,Seattle,165,Regular
71B3B20F-0BD1-4C1D-BA33-3264D904581C,2019-07-09T15:01:11.4788705+05:30,San Francisco,442,Regular
039AA17C-2C5C-4A4F-B019-D416D0E4F5E6,2019-07-09T15:11:11.4788705+05:30,Miami,575,Regular
039AA17C-2C5C-4A4F-B019-D416D0E4F5E6,2019-07-09T15:21:11.4788705+05:30,Miami,325,Regular
1AF29CA0-FBF2-48B6-9D0B-88FF331FADC1,2019-07-09T15:31:11.4788705+05:30,Kahului,460,Regular
FC6018B3-B934-4FFF-B6A9-904C4B3082C7,2019-07-09T15:41:11.4788705+05:30,Seattle,101,Regular
1AF29CA0-FBF2-48B6-9D0B-88FF331FADC1,2019-07-09T15:51:11.4788705+05:30,Kahului,89,Regular
B3B19755-C6E5-4E4A-B423-1B31DCCEB137,2019-07-09T16:01:11.4788705+05:30,New York,60,Regular
1AF29CA0-FBF2-48B6-9D0B-88FF331FADC1,2019-07-09T16:11:11.4788705+05:30,Kahului,384,Regular
B3B19755-C6E5-4E4A-B423-1B31DCCEB137,2019-07-09T16:21:11.4788705+05:30,New York,523,Regular
1AF29CA0-FBF2-48B6-9D0B-88FF331FADC1,2019-07-09T16:31:11.4788705+05:30,Kahului,428,Regular
71B3B20F-0BD1-4C1D-BA33-3264D904581C,2019-07-09T16:41:11.4788705+05:30,San Francisco,829,Regular
71B3B20F-0BD1-4C1D-BA33-3264D904581C,2019-07-09T16:51:11.4788705+05:30,San Francisco,621,Regular
71B3B20F-0BD1-4C1D-BA33-3264D904581C,2019-07-09T17:01:11.4788705+05:30,San Francisco,937,Regular
71B3B20F-0BD1-4C1D-BA33-3264D904581C,2019-07-09T17:11:11.4788705+05:30,San Francisco,765,Regular
B3B19755-C6E5-4E4A-B423-1B31DCCEB137,2019-07-09T17:21:11.4788705+05:30,New York,362,Regular
B3B19755-C6E5-4E4A-B423-1B31DCCEB137,2019-07-09T17:31:11.4788705+05:30,New York,851,Regular
B3B19755-C6E5-4E4A-B423-1B31DCCEB137,2019-07-09T17:41:11.4788705+05:30,New York,366,Regular
1AF29CA0-FBF2-48B6-9D0B-88FF331FADC1,2019-07-09T17:51:11.4788705+05:30,Kahului,727,Regular
FC6018B3-B934-4FFF-B6A9-904C4B3082C7,2019-07-09T18:01:11.4788705+05:30,Seattle,166,Regular
FC6018B3-B934-4FFF-B6A9-904C4B3082C7,2019-07-09T18:11:11.4788705+05:30,Seattle,634,Regular
FC6018B3-B934-4FFF-B6A9-904C4B3082C7,2019-07-09T18:21:11.4788705+05:30,Seattle,127,Regular
039AA17C-2C5C-4A4F-B019-D416D0E4F5E6,2019-07-09T18:31:11.4788705+05:30,Miami,92,Regular
1AF29CA0-FBF2-48B6-9D0B-88FF331FADC1,2019-07-09T18:41:11.4788705+05:30,Kahului,902,Regular
B3B19755-C6E5-4E4A-B423-1B31DCCEB137,2019-07-09T18:51:11.4788705+05:30,New York,902,Regular
FC6018B3-B934-4FFF-B6A9-904C4B3082C7,2019-07-09T19:01:11.4788705+05:30,Seattle,586,Regular
71B3B20F-0BD1-4C1D-BA33-3264D904581C,2019-07-09T19:11:11.4788705+05:30,San Francisco,126,Regular
FC6018B3-B934-4FFF-B6A9-904C4B3082C7,2019-07-09T19:21:11.4788705+05:30,Seattle,306,Regular
1AF29CA0-FBF2-48B6-9D0B-88FF331FADC1,2019-07-09T19:31:11.4788705+05:30,Kahului,355,Regular
FC6018B3-B934-4FFF-B6A9-904C4B3082C7,2019-07-09T19:41:11.4788705+05:30,Seattle,780,Regular
FC6018B3-B934-4FFF-B6A9-904C4B3082C7,2019-07-09T19:51:11.4788705+05:30,Seattle,132,Regular
B3B19755-C6E5-4E4A-B423-1B31DCCEB137,2019-07-09T20:01:11.4788705+05:30,New York,975,Regular
71B3B20F-0BD1-4C1D-BA33-3264D904581C,2019-07-09T20:11:11.4788705+05:30,San Francisco,46,Regular
1AF29CA0-FBF2-48B6-9D0B-88FF331FADC1,2019-07-09T20:21:11.4788705+05:30,Kahului,857,Regular
71B3B20F-0BD1-4C1D-BA33-3264D904581C,2019-07-09T20:31:11.4788705+05:30,San Francisco,597,Regular
039AA17C-2C5C-4A4F-B019-D416D0E4F5E6,2019-07-09T20:41:11.4788705+05:30,Miami,834,Regular
B3B19755-C6E5-4E4A-B423-1B31DCCEB137,2019-07-09T20:51:11.4788705+05:30,New York,166,Regular
FC6018B3-B934-4FFF-B6A9-904C4B3082C7,2019-07-09T21:01:11.4788705+05:30,Seattle,249,Regular
FC6018B3-B934-4FFF-B6A9-904C4B3082C7,2019-07-09T21:11:11.4788705+05:30,Seattle,748,Regular
FC6018B3-B934-4FFF-B6A9-904C4B3082C7,2019-07-09T21:11:13.4788705+05:30,San Francisco,381,Suspect
FC6018B3-B934-4FFF-B6A9-904C4B3082C7,2019-07-09T21:21:11.4788705+05:30,Seattle,835,Regular
1AF29CA0-FBF2-48B6-9D0B-88FF331FADC1,2019-07-09T21:31:11.4788705+05:30,Kahului,529,Regular
B3B19755-C6E5-4E4A-B423-1B31DCCEB137,2019-07-09T21:41:11.4788705+05:30,New York,25,Regular
FC6018B3-B934-4FFF-B6A9-904C4B3082C7,2019-07-09T21:51:11.4788705+05:30,Seattle,849,Regular
FC6018B3-B934-4FFF-B6A9-904C4B3082C7,2019-07-09T22:01:11.4788705+05:30,Seattle,655,Regular
1AF29CA0-FBF2-48B6-9D0B-88FF331FADC1,2019-07-09T22:11:11.4788705+05:30,Kahului,752,Regular
039AA17C-2C5C-4A4F-B019-D416D0E4F5E6,2019-07-09T22:21:11.4788705+05:30,Miami,724,Regular
FC6018B3-B934-4FFF-B6A9-904C4B3082C7,2019-07-09T22:31:11.4788705+05:30,Seattle,597,Regular
FC6018B3-B934-4FFF-B6A9-904C4B3082C7,2019-07-09T22:41:11.4788705+05:30,Seattle,960,Regular
B3B19755-C6E5-4E4A-B423-1B31DCCEB137,2019-07-09T22:51:11.4788705+05:30,New York,415,Regular
FC6018B3-B934-4FFF-B6A9-904C4B3082C7,2019-07-09T23:01:11.4788705+05:30,Seattle,974,Regular
1AF29CA0-FBF2-48B6-9D0B-88FF331FADC1,2019-07-09T23:11:11.4788705+05:30,Kahului,867,Regular
1AF29CA0-FBF2-48B6-9D0B-88FF331FADC1,2019-07-09T23:21:11.4788705+05:30,Kahului,958,Regular
B3B19755-C6E5-4E4A-B423-1B31DCCEB137,2019-07-09T23:31:11.4788705+05:30,New York,177,Regular
FC6018B3-B934-4FFF-B6A9-904C4B3082C7,2019-07-09T23:41:11.4788705+05:30,Seattle,538,Regular
1AF29CA0-FBF2-48B6-9D0B-88FF331FADC1,2019-07-09T23:51:11.4788705+05:30,Kahului,601,Regular
FC6018B3-B934-4FFF-B6A9-904C4B3082C7,2019-07-10T00:01:11.4788705+05:30,Seattle,772,Regular
71B3B20F-0BD1-4C1D-BA33-3264D904581C,2019-07-10T00:11:11.4788705+05:30,San Francisco,619,Regular
1AF29CA0-FBF2-48B6-9D0B-88FF331FADC1,2019-07-10T00:21:11.4788705+05:30,Kahului,251,Regular
1AF29CA0-FBF2-48B6-9D0B-88FF331FADC1,2019-07-10T00:21:13.4788705+05:30,San Francisco,544,Suspect
1AF29CA0-FBF2-48B6-9D0B-88FF331FADC1,2019-07-10T00:31:11.4788705+05:30,Kahului,37,Regular
039AA17C-2C5C-4A4F-B019-D416D0E4F5E6,2019-07-10T00:41:11.4788705+05:30,Miami,13,Regular
1AF29CA0-FBF2-48B6-9D0B-88FF331FADC1,2019-07-10T00:51:11.4788705+05:30,Kahului,422,Regular
B3B19755-C6E5-4E4A-B423-1B31DCCEB137,2019-07-10T01:01:11.4788705+05:30,New York,17,Regular
FC6018B3-B934-4FFF-B6A9-904C4B3082C7,2019-07-10T01:11:11.4788705+05:30,Seattle,500,Regular
1AF29CA0-FBF2-48B6-9D0B-88FF331FADC1,2019-07-10T01:21:11.4788705+05:30,Kahului,942,Regular
039AA17C-2C5C-4A4F-B019-D416D0E4F5E6,2019-07-10T01:31:11.4788705+05:30,Miami,446,Regular
1AF29CA0-FBF2-48B6-9D0B-88FF331FADC1,2019-07-10T01:41:11.4788705+05:30,Kahului,315,Regular
71B3B20F-0BD1-4C1D-BA33-3264D904581C,2019-07-10T01:51:11.4788705+05:30,San Francisco,903,Regular
71B3B20F-0BD1-4C1D-BA33-3264D904581C,2019-07-10T02:01:11.4788705+05:30,San Francisco,115,Regular
039AA17C-2C5C-4A4F-B019-D416D0E4F5E6,2019-07-10T02:11:11.4788705+05:30,Miami,466,Regular
1AF29CA0-FBF2-48B6-9D0B-88FF331FADC1,2019-07-10T02:21:11.4788705+05:30,Kahului,838,Regular
FC6018B3-B934-4FFF-B6A9-904C4B3082C7,2019-07-10T02:31:11.4788705+05:30,Seattle,477,Regular
1AF29CA0-FBF2-48B6-9D0B-88FF331FADC1,2019-07-10T02:41:11.4788705+05:30,Kahului,825,Regular
B3B19755-C6E5-4E4A-B423-1B31DCCEB137,2019-07-10T02:51:11.4788705+05:30,New York,368,Regular
B3B19755-C6E5-4E4A-B423-1B31DCCEB137,2019-07-10T03:01:11.4788705+05:30,New York,490,Regular
71B3B20F-0BD1-4C1D-BA33-3264D904581C,2019-07-10T03:11:11.4788705+05:30,San Francisco,110,Regular
FC6018B3-B934-4FFF-B6A9-904C4B3082C7,2019-07-10T03:21:11.4788705+05:30,Seattle,178,Regular
FC6018B3-B934-4FFF-B6A9-904C4B3082C7,2019-07-10T03:31:11.4788705+05:30,Seattle,209,Regular
1AF29CA0-FBF2-48B6-9D0B-88FF331FADC1,2019-07-10T03:41:11.4788705+05:30,Kahului,967,Regular
FC6018B3-B934-4FFF-B6A9-904C4B3082C7,2019-07-10T03:51:11.4788705+05:30,Seattle,519,Regular
71B3B20F-0BD1-4C1D-BA33-3264D904581C,2019-07-10T04:01:11.4788705+05:30,San Francisco,172,Regular
B3B19755-C6E5-4E4A-B423-1B31DCCEB137,2019-07-10T04:11:11.4788705+05:30,New York,533,Regular
1AF29CA0-FBF2-48B6-9D0B-88FF331FADC1,2019-07-10T04:21:11.4788705+05:30,Kahului,261,Regular
B3B19755-C6E5-4E4A-B423-1B31DCCEB137,2019-07-10T04:31:11.4788705+05:30,New York,221,Regular
1AF29CA0-FBF2-48B6-9D0B-88FF331FADC1,2019-07-10T04:41:11.4788705+05:30,Kahului,303,Regular
039AA17C-2C5C-4A4F-B019-D416D0E4F5E6,2019-07-10T04:51:11.4788705+05:30,Miami,970,Regular
B3B19755-C6E5-4E4A-B423-1B31DCCEB137,2019-07-10T05:01:11.4788705+05:30,New York,357,Regular
B3B19755-C6E5-4E4A-B423-1B31DCCEB137,2019-07-10T05:01:13.4788705+05:30,Seattle,895,Suspect
71B3B20F-0BD1-4C1D-BA33-3264D904581C,2019-07-10T05:11:11.4788705+05:30,San Francisco,523,Regular
71B3B20F-0BD1-4C1D-BA33-3264D904581C,2019-07-10T05:21:11.4788705+05:30,San Francisco,331,Regular
1AF29CA0-FBF2-48B6-9D0B-88FF331FADC1,2019-07-10T05:31:11.4788705+05:30,Kahului,514,Regular
B3B19755-C6E5-4E4A-B423-1B31DCCEB137,2019-07-10T05:41:11.4788705+05:30,New York,242,Regular
B3B19755-C6E5-4E4A-B423-1B31DCCEB137,2019-07-10T05:51:11.4788705+05:30,New York,961,Regular
FC6018B3-B934-4FFF-B6A9-904C4B3082C7,2019-07-10T06:01:11.4788705+05:30,Seattle,680,Regular
B3B19755-C6E5-4E4A-B423-1B31DCCEB137,2019-07-10T06:11:11.4788705+05:30,New York,613,Regular
FC6018B3-B934-4FFF-B6A9-904C4B3082C7,2019-07-10T06:21:11.4788705+05:30,Seattle,479,Regular
039AA17C-2C5C-4A4F-B019-D416D0E4F5E6,2019-07-10T06:31:11.4788705+05:30,Miami,775,Regular
1AF29CA0-FBF2-48B6-9D0B-88FF331FADC1,2019-07-10T06:41:11.4788705+05:30,Kahului,694,Regular
71B3B20F-0BD1-4C1D-BA33-3264D904581C,2019-07-10T06:51:11.4788705+05:30,San Francisco,303,Regular
1AF29CA0-FBF2-48B6-9D0B-88FF331FADC1,2019-07-10T07:01:11.4788705+05:30,Kahului,264,Regular
039AA17C-2C5C-4A4F-B019-D416D0E4F5E6,2019-07-10T07:11:11.4788705+05:30,Miami,32,Regular
71B3B20F-0BD1-4C1D-BA33-3264D904581C,2019-07-10T07:21:11.4788705+05:30,San Francisco,955,Regular
1AF29CA0-FBF2-48B6-9D0B-88FF331FADC1,2019-07-10T07:31:11.4788705+05:30,Kahului,313,Regular
039AA17C-2C5C-4A4F-B019-D416D0E4F5E6,2019-07-10T07:41:11.4788705+05:30,Miami,750,Regular
039AA17C-2C5C-4A4F-B019-D416D0E4F5E6,2019-07-10T07:51:11.4788705+05:30,Miami,457,Regular
71B3B20F-0BD1-4C1D-BA33-3264D904581C,2019-07-10T08:01:11.4788705+05:30,San Francisco,157,Regular
71B3B20F-0BD1-4C1D-BA33-3264D904581C,2019-07-10T08:11:11.4788705+05:30,San Francisco,330,Regular
FC6018B3-B934-4FFF-B6A9-904C4B3082C7,2019-07-10T08:21:11.4788705+05:30,Seattle,724,Regular
B3B19755-C6E5-4E4A-B423-1B31DCCEB137,2019-07-10T08:31:11.4788705+05:30,New York,513,Regular
039AA17C-2C5C-4A4F-B019-D416D0E4F5E6,2019-07-10T08:41:11.4788705+05:30,Miami,145,Regular
039AA17C-2C5C-4A4F-B019-D416D0E4F5E6,2019-07-10T08:51:11.4788705+05:30,Miami,276,Regular
1AF29CA0-FBF2-48B6-9D0B-88FF331FADC1,2019-07-10T09:01:11.4788705+05:30,Kahului,630,Regular
1AF29CA0-FBF2-48B6-9D0B-88FF331FADC1,2019-07-10T09:11:11.4788705+05:30,Kahului,339,Regular
1AF29CA0-FBF2-48B6-9D0B-88FF331FADC1,2019-07-10T09:21:11.4788705+05:30,Kahului,265,Regular
FC6018B3-B934-4FFF-B6A9-904C4B3082C7,2019-07-10T09:31:11.4788705+05:30,Seattle,90,Regular
FC6018B3-B934-4FFF-B6A9-904C4B3082C7,2019-07-10T09:41:11.4788705+05:30,Seattle,219,Regular
71B3B20F-0BD1-4C1D-BA33-3264D904581C,2019-07-10T09:51:11.4788705+05:30,San Francisco,237,Regular
FC6018B3-B934-4FFF-B6A9-904C4B3082C7,2019-07-10T10:01:11.4788705+05:30,Seattle,770,Regular
039AA17C-2C5C-4A4F-B019-D416D0E4F5E6,2019-07-10T10:11:11.4788705+05:30,Miami,85,Regular
71B3B20F-0BD1-4C1D-BA33-3264D904581C,2019-07-10T10:21:11.4788705+05:30,San Francisco,456,Regular
B3B19755-C6E5-4E4A-B423-1B31DCCEB137,2019-07-10T10:31:11.4788705+05:30,New York,433,Regular
FC6018B3-B934-4FFF-B6A9-904C4B3082C7,2019-07-10T10:41:11.4788705+05:30,Seattle,6,Regular
B3B19755-C6E5-4E4A-B423-1B31DCCEB137,2019-07-10T10:51:11.4788705+05:30,New York,540,Regular
039AA17C-2C5C-4A4F-B019-D416D0E4F5E6,2019-07-10T11:01:11.4788705+05:30,Miami,731,Regular
039AA17C-2C5C-4A4F-B019-D416D0E4F5E6,2019-07-10T11:11:11.4788705+05:30,Miami,799,Regular
FC6018B3-B934-4FFF-B6A9-904C4B3082C7,2019-07-10T11:21:11.4788705+05:30,Seattle,130,Regular
1AF29CA0-FBF2-48B6-9D0B-88FF331FADC1,2019-07-10T11:31:11.4788705+05:30,Kahului,239,Regular
71B3B20F-0BD1-4C1D-BA33-3264D904581C,2019-07-10T11:41:11.4788705+05:30,San Francisco,360,Regular
039AA17C-2C5C-4A4F-B019-D416D0E4F5E6,2019-07-10T11:51:11.4788705+05:30,Miami,417,Regular
B3B19755-C6E5-4E4A-B423-1B31DCCEB137,2019-07-10T12:01:11.4788705+05:30,New York,327,Regular
B3B19755-C6E5-4E4A-B423-1B31DCCEB137,2019-07-10T12:11:11.4788705+05:30,New York,512,Regular
039AA17C-2C5C-4A4F-B019-D416D0E4F5E6,2019-07-10T12:21:11.4788705+05:30,Miami,421,Regular
039AA17C-2C5C-4A4F-B019-D416D0E4F5E6,2019-07-10T12:31:11.4788705+05:30,Miami,202,Regular
FC6018B3-B934-4FFF-B6A9-904C4B3082C7,2019-07-10T12:41:11.4788705+05:30,Seattle,633,Regular
1AF29CA0-FBF2-48B6-9D0B-88FF331FADC1,2019-07-10T12:51:11.4788705+05:30,Kahului,185,Regular
B3B19755-C6E5-4E4A-B423-1B31DCCEB137,2019-07-10T13:01:11.4788705+05:30,New York,770,Regular
039AA17C-2C5C-4A4F-B019-D416D0E4F5E6,2019-07-10T13:11:11.4788705+05:30,Miami,33,Regular
039AA17C-2C5C-4A4F-B019-D416D0E4F5E6,2019-07-10T13:21:11.4788705+05:30,Miami,152,Regular
71B3B20F-0BD1-4C1D-BA33-3264D904581C,2019-07-10T13:31:11.4788705+05:30,San Francisco,349,Regular
FC6018B3-B934-4FFF-B6A9-904C4B3082C7,2019-07-10T13:41:11.4788705+05:30,Seattle,119,Regular
B3B19755-C6E5-4E4A-B423-1B31DCCEB137,2019-07-10T13:51:11.4788705+05:30,New York,420,Regular
71B3B20F-0BD1-4C1D-BA33-3264D904581C,2019-07-10T14:01:11.4788705+05:30,San Francisco,375,Regular
71B3B20F-0BD1-4C1D-BA33-3264D904581C,2019-07-10T14:11:11.4788705+05:30,San Francisco,408,Regular
71B3B20F-0BD1-4C1D-BA33-3264D904581C,2019-07-10T14:21:11.4788705+05:30,San Francisco,881,Regular
039AA17C-2C5C-4A4F-B019-D416D0E4F5E6,2019-07-10T14:31:11.4788705+05:30,Miami,979,Regular
1AF29CA0-FBF2-48B6-9D0B-88FF331FADC1,2019-07-10T14:41:11.4788705+05:30,Kahului,173,Regular
FC6018B3-B934-4FFF-B6A9-904C4B3082C7,2019-07-10T14:51:11.4788705+05:30,Seattle,463,Regular
1AF29CA0-FBF2-48B6-9D0B-88FF331FADC1,2019-07-10T15:01:11.4788705+05:30,Kahului,894,Regular
71B3B20F-0BD1-4C1D-BA33-3264D904581C,2019-07-10T15:11:11.4788705+05:30,San Francisco,669,Regular
71B3B20F-0BD1-4C1D-BA33-3264D904581C,2019-07-10T15:21:11.4788705+05:30,San Francisco,68,Regular
FC6018B3-B934-4FFF-B6A9-904C4B3082C7,2019-07-10T15:31:11.4788705+05:30,Seattle,736,Regular
FC6018B3-B934-4FFF-B6A9-904C4B3082C7,2019-07-10T15:41:11.4788705+05:30,Seattle,582,Regular
71B3B20F-0BD1-4C1D-BA33-3264D904581C,2019-07-10T15:51:11.4788705+05:30,San Francisco,128,Regular
039AA17C-2C5C-4A4F-B019-D416D0E4F5E6,2019-07-10T16:01:11.4788705+05:30,Miami,396,Regular
71B3B20F-0BD1-4C1D-BA33-3264D904581C,2019-07-10T16:11:11.4788705+05:30,San Francisco,635,Regular
FC6018B3-B934-4FFF-B6A9-904C4B3082C7,2019-07-10T16:21:11.4788705+05:30,Seattle,122,Regular
FC6018B3-B934-4FFF-B6A9-904C4B3082C7,2019-07-10T16:21:13.4788705+05:30,Kahului,533,Suspect
FC6018B3-B934-4FFF-B6A9-904C4B3082C7,2019-07-10T16:31:11.4788705+05:30,Seattle,859,Regular
1AF29CA0-FBF2-48B6-9D0B-88FF331FADC1,2019-07-10T16:41:11.4788705+05:30,Kahului,434,Regular
B3B19755-C6E5-4E4A-B423-1B31DCCEB137,2019-07-10T16:51:11.4788705+05:30,New York,692,Regular
1AF29CA0-FBF2-48B6-9D0B-88FF331FADC1,2019-07-10T17:01:11.4788705+05:30,Kahului,268,Regular
71B3B20F-0BD1-4C1D-BA33-3264D904581C,2019-07-10T17:11:11.4788705+05:30,San Francisco,475,Regular
FC6018B3-B934-4FFF-B6A9-904C4B3082C7,2019-07-10T17:21:11.4788705+05:30,Seattle,57,Regular
71B3B20F-0BD1-4C1D-BA33-3264D904581C,2019-07-10T17:31:11.4788705+05:30,San Francisco,150,Regular
FC6018B3-B934-4FFF-B6A9-904C4B3082C7,2019-07-10T17:41:11.4788705+05:30,Seattle,115,Regular
FC6018B3-B934-4FFF-B6A9-904C4B3082C7,2019-07-10T17:51:11.4788705+05:30,Seattle,941,Regular
71B3B20F-0BD1-4C1D-BA33-3264D904581C,2019-07-10T18:01:11.4788705+05:30,San Francisco,562,Regular
B3B19755-C6E5-4E4A-B423-1B31DCCEB137,2019-07-10T18:11:11.4788705+05:30,New York,55,Regular
B3B19755-C6E5-4E4A-B423-1B31DCCEB137,2019-07-10T18:21:11.4788705+05:30,New York,860,Regular
039AA17C-2C5C-4A4F-B019-D416D0E4F5E6,2019-07-10T18:31:11.4788705+05:30,Miami,552,Regular
FC6018B3-B934-4FFF-B6A9-904C4B3082C7,2019-07-10T18:41:11.4788705+05:30,Seattle,547,Regular
B3B19755-C6E5-4E4A-B423-1B31DCCEB137,2019-07-10T18:51:11.4788705+05:30,New York,429,Regular
FC6018B3-B934-4FFF-B6A9-904C4B3082C7,2019-07-10T19:01:11.4788705+05:30,Seattle,288,Regular
FC6018B3-B934-4FFF-B6A9-904C4B3082C7,2019-07-10T19:01:13.4788705+05:30,Kahului,220,Suspect
71B3B20F-0BD1-4C1D-BA33-3264D904581C,2019-07-10T19:11:11.4788705+05:30,San Francisco,534,Regular
1AF29CA0-FBF2-48B6-9D0B-88FF331FADC1,2019-07-10T19:21:11.4788705+05:30,Kahului,658,Regular
B3B19755-C6E5-4E4A-B423-1B31DCCEB137,2019-07-10T19:31:11.4788705+05:30,New York,776,Regular
FC6018B3-B934-4FFF-B6A9-904C4B3082C7,2019-07-10T19:41:11.4788705+05:30,Seattle,670,Regular
71B3B20F-0BD1-4C1D-BA33-3264D904581C,2019-07-10T19:51:11.4788705+05:30,San Francisco,409,Regular
1AF29CA0-FBF2-48B6-9D0B-88FF331FADC1,2019-07-10T20:01:11.4788705+05:30,Kahului,417,Regular
B3B19755-C6E5-4E4A-B423-1B31DCCEB137,2019-07-10T20:11:11.4788705+05:30,New York,704,Regular
1AF29CA0-FBF2-48B6-9D0B-88FF331FADC1,2019-07-10T20:21:11.4788705+05:30,Kahului,259,Regular
1AF29CA0-FBF2-48B6-9D0B-88FF331FADC1,2019-07-10T20:31:11.4788705+05:30,Kahului,263,Regular
1AF29CA0-FBF2-48B6-9D0B-88FF331FADC1,2019-07-10T20:41:11.4788705+05:30,Kahului,136,Regular
71B3B20F-0BD1-4C1D-BA33-3264D904581C,2019-07-10T20:51:11.4788705+05:30,San Francisco,414,Regular
039AA17C-2C5C-4A4F-B019-D416D0E4F5E6,2019-07-10T21:01:11.4788705+05:30,Miami,765,Regular
71B3B20F-0BD1-4C1D-BA33-3264D904581C,2019-07-10T21:11:11.4788705+05:30,San Francisco,837,Regular
039AA17C-2C5C-4A4F-B019-D416D0E4F5E6,2019-07-10T21:21:11.4788705+05:30,Miami,421,Regular
1AF29CA0-FBF2-48B6-9D0B-88FF331FADC1,2019-07-10T21:31:11.4788705+05:30,Kahului,947,Regular
1AF29CA0-FBF2-48B6-9D0B-88FF331FADC1,2019-07-10T21:41:11.4788705+05:30,Kahului,215,Regular
039AA17C-2C5C-4A4F-B019-D416D0E4F5E6,2019-07-10T21:51:11.4788705+05:30,Miami,740,Regular
1AF29CA0-FBF2-48B6-9D0B-88FF331FADC1,2019-07-10T22:01:11.4788705+05:30,Kahului,524,Regular
B3B19755-C6E5-4E4A-B423-1B31DCCEB137,2019-07-10T22:11:11.4788705+05:30,New York,521,Regular
71B3B20F-0BD1-4C1D-BA33-3264D904581C,2019-07-10T22:21:11.4788705+05:30,San Francisco,650,Regular
71B3B20F-0BD1-4C1D-BA33-3264D904581C,2019-07-10T22:31:11.4788705+05:30,San Francisco,169,Regular
1AF29CA0-FBF2-48B6-9D0B-88FF331FADC1,2019-07-10T22:41:11.4788705+05:30,Kahului,674,Regular
71B3B20F-0BD1-4C1D-BA33-3264D904581C,2019-07-10T22:51:11.4788705+05:30,San Francisco,656,Regular
1AF29CA0-FBF2-48B6-9D0B-88FF331FADC1,2019-07-10T23:01:11.4788705+05:30,Kahului,135,Regular
B3B19755-C6E5-4E4A-B423-1B31DCCEB137,2019-07-10T23:11:11.4788705+05:30,New York,593,Regular
71B3B20F-0BD1-4C1D-BA33-3264D904581C,2019-07-10T23:21:11.4788705+05:30,San Francisco,307,Regular
71B3B20F-0BD1-4C1D-BA33-3264D904581C,2019-07-10T23:31:11.4788705+05:30,San Francisco,25,Regular
FC6018B3-B934-4FFF-B6A9-904C4B3082C7,2019-07-10T23:41:11.4788705+05:30,Seattle,552,Regular
71B3B20F-0BD1-4C1D-BA33-3264D904581C,2019-07-10T23:51:11.4788705+05:30,San Francisco,923,Regular
039AA17C-2C5C-4A4F-B019-D416D0E4F5E6,2019-07-11T00:01:11.4788705+05:30,Miami,369,Regular
71B3B20F-0BD1-4C1D-BA33-3264D904581C,2019-07-11T00:11:11.4788705+05:30,San Francisco,75,Regular
71B3B20F-0BD1-4C1D-BA33-3264D904581C,2019-07-11T00:11:13.4788705+05:30,Seattle,500,Suspect
039AA17C-2C5C-4A4F-B019-D416D0E4F5E6,2019-07-11T00:21:11.4788705+05:30,Miami,131,Regular
B3B19755-C6E5-4E4A-B423-1B31DCCEB137,2019-07-11T00:31:11.4788705+05:30,New York,502,Regular
B3B19755-C6E5-4E4A-B423-1B31DCCEB137,2019-07-11T00:41:11.4788705+05:30,New York,234,Regular
71B3B20F-0BD1-4C1D-BA33-3264D904581C,2019-07-11T00:51:11.4788705+05:30,San Francisco,188,Regular
039AA17C-2C5C-4A4F-B019-D416D0E4F5E6,2019-07-11T01:01:11.4788705+05:30,Miami,234,Regular
039AA17C-2C5C-4A4F-B019-D416D0E4F5E6,2019-07-11T01:11:11.4788705+05:30,Miami,964,Regular
FC6018B3-B934-4FFF-B6A9-904C4B3082C7,2019-07-11T01:21:11.4788705+05:30,Seattle,347,Regular
FC6018B3-B934-4FFF-B6A9-904C4B3082C7,2019-07-11T01:31:11.4788705+05:30,Seattle,245,Regular
FC6018B3-B934-4FFF-B6A9-904C4B3082C7,2019-07-11T01:41:11.4788705+05:30,Seattle,367,Regular
FC6018B3-B934-4FFF-B6A9-904C4B3082C7,2019-07-11T01:51:11.4788705+05:30,Seattle,401,Regular
71B3B20F-0BD1-4C1D-BA33-3264D904581C,2019-07-11T02:01:11.4788705+05:30,San Francisco,392,Regular
FC6018B3-B934-4FFF-B6A9-904C4B3082C7,2019-07-11T02:11:11.4788705+05:30,Seattle,32,Regular
1AF29CA0-FBF2-48B6-9D0B-88FF331FADC1,2019-07-11T02:21:11.4788705+05:30,Kahului,38,Regular
B3B19755-C6E5-4E4A-B423-1B31DCCEB137,2019-07-11T02:31:11.4788705+05:30,New York,489,Regular
B3B19755-C6E5-4E4A-B423-1B31DCCEB137,2019-07-11T02:41:11.4788705+05:30,New York,790,Regular
B3B19755-C6E5-4E4A-B423-1B31DCCEB137,2019-07-11T02:51:11.4788705+05:30,New York,958,Regular
FC6018B3-B934-4FFF-B6A9-904C4B3082C7,2019-07-11T03:01:11.4788705+05:30,Seattle,30,Regular
FC6018B3-B934-4FFF-B6A9-904C4B3082C7,2019-07-11T03:11:11.4788705+05:30,Seattle,563,Regular
FC6018B3-B934-4FFF-B6A9-904C4B3082C7,2019-07-11T03:21:11.4788705+05:30,Seattle,635,Regular
039AA17C-2C5C-4A4F-B019-D416D0E4F5E6,2019-07-11T03:31:11.4788705+05:30,Miami,523,Regular
FC6018B3-B934-4FFF-B6A9-904C4B3082C7,2019-07-11T03:41:11.4788705+05:30,Seattle,272,Regular
039AA17C-2C5C-4A4F-B019-D416D0E4F5E6,2019-07-11T03:51:11.4788705+05:30,Miami,545,Regular
039AA17C-2C5C-4A4F-B019-D416D0E4F5E6,2019-07-11T03:51:13.4788705+05:30,Kahului,839,Suspect
FC6018B3-B934-4FFF-B6A9-904C4B3082C7,2019-07-11T04:01:11.4788705+05:30,Seattle,250,Regular
B3B19755-C6E5-4E4A-B423-1B31DCCEB137,2019-07-11T04:11:11.4788705+05:30,New York,705,Regular
FC6018B3-B934-4FFF-B6A9-904C4B3082C7,2019-07-11T04:21:11.4788705+05:30,Seattle,519,Regular
71B3B20F-0BD1-4C1D-BA33-3264D904581C,2019-07-11T04:31:11.4788705+05:30,San Francisco,720,Regular
1AF29CA0-FBF2-48B6-9D0B-88FF331FADC1,2019-07-11T04:41:11.4788705+05:30,Kahului,975,Regular
039AA17C-2C5C-4A4F-B019-D416D0E4F5E6,2019-07-11T04:51:11.4788705+05:30,Miami,154,Regular
FC6018B3-B934-4FFF-B6A9-904C4B3082C7,2019-07-11T05:01:11.4788705+05:30,Seattle,957,Regular
FC6018B3-B934-4FFF-B6A9-904C4B3082C7,2019-07-11T05:11:11.4788705+05:30,Seattle,815,Regular
71B3B20F-0BD1-4C1D-BA33-3264D904581C,2019-07-11T05:21:11.4788705+05:30,San Francisco,292,Regular
FC6018B3-B934-4FFF-B6A9-904C4B3082C7,2019-07-11T05:31:11.4788705+05:30,Seattle,709,Regular
71B3B20F-0BD1-4C1D-BA33-3264D904581C,2019-07-11T05:41:11.4788705+05:30,San Francisco,628,Regular
FC6018B3-B934-4FFF-B6A9-904C4B3082C7,2019-07-11T05:51:11.4788705+05:30,Seattle,882,Regular
FC6018B3-B934-4FFF-B6A9-904C4B3082C7,2019-07-11T06:01:11.4788705+05:30,Seattle,158,Regular
71B3B20F-0BD1-4C1D-BA33-3264D904581C,2019-07-11T06:11:11.4788705+05:30,San Francisco,294,Regular
71B3B20F-0BD1-4C1D-BA33-3264D904581C,2019-07-11T06:21:11.4788705+05:30,San Francisco,431,Regular
1AF29CA0-FBF2-48B6-9D0B-88FF331FADC1,2019-07-11T06:31:11.4788705+05:30,Kahului,726,Regular
B3B19755-C6E5-4E4A-B423-1B31DCCEB137,2019-07-11T06:41:11.4788705+05:30,New York,462,Regular
039AA17C-2C5C-4A4F-B019-D416D0E4F5E6,2019-07-11T06:51:11.4788705+05:30,Miami,966,Regular
039AA17C-2C5C-4A4F-B019-D416D0E4F5E6,2019-07-11T07:01:11.4788705+05:30,Miami,805,Regular
B3B19755-C6E5-4E4A-B423-1B31DCCEB137,2019-07-11T07:11:11.4788705+05:30,New York,414,Regular
B3B19755-C6E5-4E4A-B423-1B31DCCEB137,2019-07-11T07:21:11.4788705+05:30,New York,642,Regular
039AA17C-2C5C-4A4F-B019-D416D0E4F5E6,2019-07-11T07:31:11.4788705+05:30,Miami,210,Regular
039AA17C-2C5C-4A4F-B019-D416D0E4F5E6,2019-07-11T07:31:13.4788705+05:30,Seattle,641,Suspect
1AF29CA0-FBF2-48B6-9D0B-88FF331FADC1,2019-07-11T07:41:11.4788705+05:30,Kahului,699,Regular
1AF29CA0-FBF2-48B6-9D0B-88FF331FADC1,2019-07-11T07:51:11.4788705+05:30,Kahului,878,Regular
B3B19755-C6E5-4E4A-B423-1B31DCCEB137,2019-07-11T08:01:11.4788705+05:30,New York,776,Regular
FC6018B3-B934-4FFF-B6A9-904C4B3082C7,2019-07-11T08:11:11.4788705+05:30,Seattle,664,Regular
1AF29CA0-FBF2-48B6-9D0B-88FF331FADC1,2019-07-11T08:21:11.4788705+05:30,Kahului,512,Regular
039AA17C-2C5C-4A4F-B019-D416D0E4F5E6,2019-07-11T08:31:11.4788705+05:30,Miami,415,Regular
039AA17C-2C5C-4A4F-B019-D416D0E4F5E6,2019-07-11T08:41:11.4788705+05:30,Miami,254,Regular
1AF29CA0-FBF2-48B6-9D0B-88FF331FADC1,2019-07-11T08:51:11.4788705+05:30,Kahului,734,Regular
B3B19755-C6E5-4E4A-B423-1B31DCCEB137,2019-07-11T09:01:11.4788705+05:30,New York,825,Regular
71B3B20F-0BD1-4C1D-BA33-3264D904581C,2019-07-11T09:11:11.4788705+05:30,San Francisco,431,Regular
71B3B20F-0BD1-4C1D-BA33-3264D904581C,2019-07-11T09:21:11.4788705+05:30,San Francisco,594,Regular
FC6018B3-B934-4FFF-B6A9-904C4B3082C7,2019-07-11T09:31:11.4788705+05:30,Seattle,407,Regular
1AF29CA0-FBF2-48B6-9D0B-88FF331FADC1,2019-07-11T09:41:11.4788705+05:30,Kahului,867,Regular
B3B19755-C6E5-4E4A-B423-1B31DCCEB137,2019-07-11T09:51:11.4788705+05:30,New York,218,Regular
71B3B20F-0BD1-4C1D-BA33-3264D904581C,2019-07-11T10:01:11.4788705+05:30,San Francisco,51,Regular
B3B19755-C6E5-4E4A-B423-1B31DCCEB137,2019-07-11T10:11:11.4788705+05:30,New York,848,Regular
1AF29CA0-FBF2-48B6-9D0B-88FF331FADC1,2019-07-11T10:21:11.4788705+05:30,Kahului,561,Regular
1AF29CA0-FBF2-48B6-9D0B-88FF331FADC1,2019-07-11T10:31:11.4788705+05:30,Kahului,432,Regular
71B3B20F-0BD1-4C1D-BA33-3264D904581C,2019-07-11T10:41:11.4788705+05:30,San Francisco,17,Regular
039AA17C-2C5C-4A4F-B019-D416D0E4F5E6,2019-07-11T10:51:11.4788705+05:30,Miami,252,Regular
FC6018B3-B934-4FFF-B6A9-904C4B3082C7,2019-07-11T11:01:11.4788705+05:30,Seattle,12,Regular
71B3B20F-0BD1-4C1D-BA33-3264D904581C,2019-07-11T11:11:11.4788705+05:30,San Francisco,162,Regular
FC6018B3-B934-4FFF-B6A9-904C4B3082C7,2019-07-11T11:21:11.4788705+05:30,Seattle,446,Regular
FC6018B3-B934-4FFF-B6A9-904C4B3082C7,2019-07-11T11:31:11.4788705+05:30,Seattle,585,Regular
B3B19755-C6E5-4E4A-B423-1B31DCCEB137,2019-07-11T11:41:11.4788705+05:30,New York,98,Regular
FC6018B3-B934-4FFF-B6A9-904C4B3082C7,2019-07-11T11:51:11.4788705+05:30,Seattle,355,Regular
1AF29CA0-FBF2-48B6-9D0B-88FF331FADC1,2019-07-11T12:01:11.4788705+05:30,Kahului,98,Regular
1AF29CA0-FBF2-48B6-9D0B-88FF331FADC1,2019-07-11T12:01:13.4788705+05:30,Miami,690,Suspect
039AA17C-2C5C-4A4F-B019-D416D0E4F5E6,2019-07-11T12:11:11.4788705+05:30,Miami,643,Regular
039AA17C-2C5C-4A4F-B019-D416D0E4F5E6,2019-07-11T12:21:11.4788705+05:30,Miami,718,Regular
FC6018B3-B934-4FFF-B6A9-904C4B3082C7,2019-07-11T12:31:11.4788705+05:30,Seattle,739,Regular
71B3B20F-0BD1-4C1D-BA33-3264D904581C,2019-07-11T12:41:11.4788705+05:30,San Francisco,497,Regular
B3B19755-C6E5-4E4A-B423-1B31DCCEB137,2019-07-11T12:51:11.4788705+05:30,New York,20,Regular
039AA17C-2C5C-4A4F-B019-D416D0E4F5E6,2019-07-11T13:01:11.4788705+05:30,Miami,373,Regular
039AA17C-2C5C-4A4F-B019-D416D0E4F5E6,2019-07-11T13:11:11.4788705+05:30,Miami,506,Regular
1AF29CA0-FBF2-48B6-9D0B-88FF331FADC1,2019-07-11T13:21:11.4788705+05:30,Kahului,80,Regular
FC6018B3-B934-4FFF-B6A9-904C4B3082C7,2019-07-11T13:31:11.4788705+05:30,Seattle,351,Regular
1AF29CA0-FBF2-48B6-9D0B-88FF331FADC1,2019-07-11T13:41:11.4788705+05:30,Kahului,281,Regular
71B3B20F-0BD1-4C1D-BA33-3264D904581C,2019-07-11T13:51:11.4788705+05:30,San Francisco,76,Regular
B3B19755-C6E5-4E4A-B423-1B31DCCEB137,2019-07-11T14:01:11.4788705+05:30,New York,476,Regular
FC6018B3-B934-4FFF-B6A9-904C4B3082C7,2019-07-11T14:11:11.4788705+05:30,Seattle,908,Regular
039AA17C-2C5C-4A4F-B019-D416D0E4F5E6,2019-07-11T14:21:11.4788705+05:30,Miami,715,Regular
71B3B20F-0BD1-4C1D-BA33-3264D904581C,2019-07-11T14:31:11.4788705+05:30,San Francisco,932,Regular
1AF29CA0-FBF2-48B6-9D0B-88FF331FADC1,2019-07-11T14:41:11.4788705+05:30,Kahului,831,Regular
71B3B20F-0BD1-4C1D-BA33-3264D904581C,2019-07-11T14:51:11.4788705+05:30,San Francisco,795,Regular
1AF29CA0-FBF2-48B6-9D0B-88FF331FADC1,2019-07-11T15:01:11.4788705+05:30,Kahului,575,Regular
FC6018B3-B934-4FFF-B6A9-904C4B3082C7,2019-07-11T15:11:11.4788705+05:30,Seattle,893,Regular
B3B19755-C6E5-4E4A-B423-1B31DCCEB137,2019-07-11T15:21:11.4788705+05:30,New York,828,Regular
71B3B20F-0BD1-4C1D-BA33-3264D904581C,2019-07-11T15:31:11.4788705+05:30,San Francisco,729,Regular
B3B19755-C6E5-4E4A-B423-1B31DCCEB137,2019-07-11T15:41:11.4788705+05:30,New York,462,Regular
B3B19755-C6E5-4E4A-B423-1B31DCCEB137,2019-07-11T15:41:13.4788705+05:30,Seattle,17,Suspect
B3B19755-C6E5-4E4A-B423-1B31DCCEB137,2019-07-11T15:51:11.4788705+05:30,New York,555,Regular
B3B19755-C6E5-4E4A-B423-1B31DCCEB137,2019-07-11T16:01:11.4788705+05:30,New York,130,Regular
B3B19755-C6E5-4E4A-B423-1B31DCCEB137,2019-07-11T16:01:13.4788705+05:30,Kahului,352,Suspect
1AF29CA0-FBF2-48B6-9D0B-88FF331FADC1,2019-07-11T16:11:11.4788705+05:30,Kahului,359,Regular
1AF29CA0-FBF2-48B6-9D0B-88FF331FADC1,2019-07-11T16:21:11.4788705+05:30,Kahului,372,Regular
71B3B20F-0BD1-4C1D-BA33-3264D904581C,2019-07-11T16:31:11.4788705+05:30,San Francisco,662,Regular
FC6018B3-B934-4FFF-B6A9-904C4B3082C7,2019-07-11T16:41:11.4788705+05:30,Seattle,228,Regular
FC6018B3-B934-4FFF-B6A9-904C4B3082C7,2019-07-11T16:51:11.4788705+05:30,Seattle,606,Regular
1AF29CA0-FBF2-48B6-9D0B-88FF331FADC1,2019-07-11T17:01:11.4788705+05:30,Kahului,574,Regular
1AF29CA0-FBF2-48B6-9D0B-88FF331FADC1,2019-07-11T17:11:11.4788705+05:30,Kahului,910,Regular
71B3B20F-0BD1-4C1D-BA33-3264D904581C,2019-07-11T17:21:11.4788705+05:30,San Francisco,348,Regular
B3B19755-C6E5-4E4A-B423-1B31DCCEB137,2019-07-11T17:31:11.4788705+05:30,New York,734,Regular
1AF29CA0-FBF2-48B6-9D0B-88FF331FADC1,2019-07-11T17:41:11.4788705+05:30,Kahului,185,Regular
FC6018B3-B934-4FFF-B6A9-904C4B3082C7,2019-07-11T17:51:11.4788705+05:30,Seattle,392,Regular
1AF29CA0-FBF2-48B6-9D0B-88FF331FADC1,2019-07-11T18:01:11.4788705+05:30,Kahului,416,Regular
71B3B20F-0BD1-4C1D-BA33-3264D904581C,2019-07-11T18:11:11.4788705+05:30,San Francisco,849,Regular
FC6018B3-B934-4FFF-B6A9-904C4B3082C7,2019-07-11T18:21:11.4788705+05:30,Seattle,973,Regular
71B3B20F-0BD1-4C1D-BA33-3264D904581C,2019-07-11T18:31:11.4788705+05:30,San Francisco,920,Regular
039AA17C-2C5C-4A4F-B019-D416D0E4F5E6,2019-07-11T18:41:11.4788705+05:30,Miami,960,Regular
FC6018B3-B934-4FFF-B6A9-904C4B3082C7,2019-07-11T18:51:11.4788705+05:30,Seattle,385,Regular
B3B19755-C6E5-4E4A-B423-1B31DCCEB137,2019-07-11T19:01:11.4788705+05:30,New York,805,Regular
B3B19755-C6E5-4E4A-B423-1B31DCCEB137,2019-07-11T19:11:11.4788705+05:30,New York,677,Regular
FC6018B3-B934-4FFF-B6A9-904C4B3082C7,2019-07-11T19:21:11.4788705+05:30,Seattle,704,Regular
1AF29CA0-FBF2-48B6-9D0B-88FF331FADC1,2019-07-11T19:31:11.4788705+05:30,Kahului,245,Regular
B3B19755-C6E5-4E4A-B423-1B31DCCEB137,2019-07-11T19:41:11.4788705+05:30,New York,55,Regular
039AA17C-2C5C-4A4F-B019-D416D0E4F5E6,2019-07-11T19:51:11.4788705+05:30,Miami,408,Regular
FC6018B3-B934-4FFF-B6A9-904C4B3082C7,2019-07-11T20:01:11.4788705+05:30,Seattle,952,Regular
1AF29CA0-FBF2-48B6-9D0B-88FF331FADC1,2019-07-11T20:11:11.4788705+05:30,Kahului,473,Regular
039AA17C-2C5C-4A4F-B019-D416D0E4F5E6,2019-07-11T20:21:11.4788705+05:30,Miami,53,Regular
B3B19755-C6E5-4E4A-B423-1B31DCCEB137,2019-07-11T20:31:11.4788705+05:30,New York,887,Regular
1AF29CA0-FBF2-48B6-9D0B-88FF331FADC1,2019-07-11T20:41:11.4788705+05:30,Kahului,318,Regular
039AA17C-2C5C-4A4F-B019-D416D0E4F5E6,2019-07-11T20:51:11.4788705+05:30,Miami,66,Regular
B3B19755-C6E5-4E4A-B423-1B31DCCEB137,2019-07-11T21:01:11.4788705+05:30,New York,695,Regular
1AF29CA0-FBF2-48B6-9D0B-88FF331FADC1,2019-07-11T21:11:11.4788705+05:30,Kahului,10,Regular
FC6018B3-B934-4FFF-B6A9-904C4B3082C7,2019-07-11T21:21:11.4788705+05:30,Seattle,2,Regular
1AF29CA0-FBF2-48B6-9D0B-88FF331FADC1,2019-07-11T21:31:11.4788705+05:30,Kahului,441,Regular
039AA17C-2C5C-4A4F-B019-D416D0E4F5E6,2019-07-11T21:41:11.4788705+05:30,Miami,589,Regular
B3B19755-C6E5-4E4A-B423-1B31DCCEB137,2019-07-11T21:51:11.4788705+05:30,New York,633,Regular
B3B19755-C6E5-4E4A-B423-1B31DCCEB137,2019-07-11T22:01:11.4788705+05:30,New York,784,Regular
71B3B20F-0BD1-4C1D-BA33-3264D904581C,2019-07-11T22:11:11.4788705+05:30,San Francisco,595,Regular
1AF29CA0-FBF2-48B6-9D0B-88FF331FADC1,2019-07-11T22:21:11.4788705+05:30,Kahului,361,Regular
039AA17C-2C5C-4A4F-B019-D416D0E4F5E6,2019-07-11T22:31:11.4788705+05:30,Miami,941,Regular
039AA17C-2C5C-4A4F-B019-D416D0E4F5E6,2019-07-11T22:41:11.4788705+05:30,Miami,381,Regular
039AA17C-2C5C-4A4F-B019-D416D0E4F5E6,2019-07-11T22:51:11.4788705+05:30,Miami,32,Regular
1AF29CA0-FBF2-48B6-9D0B-88FF331FADC1,2019-07-11T23:01:11.4788705+05:30,Kahului,958,Regular
039AA17C-2C5C-4A4F-B019-D416D0E4F5E6,2019-07-11T23:11:11.4788705+05:30,Miami,83,Regular
B3B19755-C6E5-4E4A-B423-1B31DCCEB137,2019-07-11T23:21:11.4788705+05:30,New York,7,Regular
1AF29CA0-FBF2-48B6-9D0B-88FF331FADC1,2019-07-11T23:31:11.4788705+05:30,Kahului,767,Regular
71B3B20F-0BD1-4C1D-BA33-3264D904581C,2019-07-11T23:41:11.4788705+05:30,San Francisco,625,Regular
1AF29CA0-FBF2-48B6-9D0B-88FF331FADC1,2019-07-11T23:51:11.4788705+05:30,Kahului,849,Regular
71B3B20F-0BD1-4C1D-BA33-3264D904581C,2019-07-12T00:01:11.4788705+05:30,San Francisco,803,Regular
FC6018B3-B934-4FFF-B6A9-904C4B3082C7,2019-07-12T00:11:11.4788705+05:30,Seattle,747,Regular
1AF29CA0-FBF2-48B6-9D0B-88FF331FADC1,2019-07-12T00:21:11.4788705+05:30,Kahului,649,Regular
FC6018B3-B934-4FFF-B6A9-904C4B3082C7,2019-07-12T00:31:11.4788705+05:30,Seattle,201,Regular
FC6018B3-B934-4FFF-B6A9-904C4B3082C7,2019-07-12T00:41:11.4788705+05:30,Seattle,741,Regular
B3B19755-C6E5-4E4A-B423-1B31DCCEB137,2019-07-12T00:51:11.4788705+05:30,New York,496,Regular
1AF29CA0-FBF2-48B6-9D0B-88FF331FADC1,2019-07-12T01:01:11.4788705+05:30,Kahului,168,Regular
1AF29CA0-FBF2-48B6-9D0B-88FF331FADC1,2019-07-12T01:11:11.4788705+05:30,Kahului,296,Regular
B3B19755-C6E5-4E4A-B423-1B31DCCEB137,2019-07-12T01:21:11.4788705+05:30,New York,25,Regular
B3B19755-C6E5-4E4A-B423-1B31DCCEB137,2019-07-12T01:21:13.4788705+05:30,Kahului,316,Suspect
71B3B20F-0BD1-4C1D-BA33-3264D904581C,2019-07-12T01:31:11.4788705+05:30,San Francisco,532,Regular
1AF29CA0-FBF2-48B6-9D0B-88FF331FADC1,2019-07-12T01:41:11.4788705+05:30,Kahului,229,Regular
1AF29CA0-FBF2-48B6-9D0B-88FF331FADC1,2019-07-12T01:51:11.4788705+05:30,Kahului,211,Regular
71B3B20F-0BD1-4C1D-BA33-3264D904581C,2019-07-12T02:01:11.4788705+05:30,San Francisco,433,Regular
B3B19755-C6E5-4E4A-B423-1B31DCCEB137,2019-07-12T02:11:11.4788705+05:30,New York,805,Regular
B3B19755-C6E5-4E4A-B423-1B31DCCEB137,2019-07-12T02:21:11.4788705+05:30,New York,27,Regular
1AF29CA0-FBF2-48B6-9D0B-88FF331FADC1,2019-07-12T02:31:11.4788705+05:30,Kahului,130,Regular
FC6018B3-B934-4FFF-B6A9-904C4B3082C7,2019-07-12T02:41:11.4788705+05:30,Seattle,682,Regular
B3B19755-C6E5-4E4A-B423-1B31DCCEB137,2019-07-12T02:51:11.4788705+05:30,New York,507,Regular
B3B19755-C6E5-4E4A-B423-1B31DCCEB137,2019-07-12T03:01:11.4788705+05:30,New York,722,Regular
FC6018B3-B934-4FFF-B6A9-904C4B3082C7,2019-07-12T03:11:11.4788705+05:30,Seattle,7,Regular
1AF29CA0-FBF2-48B6-9D0B-88FF331FADC1,2019-07-12T03:21:11.4788705+05:30,Kahului,892,Regular
B3B19755-C6E5-4E4A-B423-1B31DCCEB137,2019-07-12T03:31:11.4788705+05:30,New York,746,Regular
71B3B20F-0BD1-4C1D-BA33-3264D904581C,2019-07-12T03:41:11.4788705+05:30,San Francisco,162,Regular
B3B19755-C6E5-4E4A-B423-1B31DCCEB137,2019-07-12T03:51:11.4788705+05:30,New York,917,Regular
71B3B20F-0BD1-4C1D-BA33-3264D904581C,2019-07-12T04:01:11.4788705+05:30,San Francisco,888,Regular
1AF29CA0-FBF2-48B6-9D0B-88FF331FADC1,2019-07-12T04:11:11.4788705+05:30,Kahului,343,Regular
B3B19755-C6E5-4E4A-B423-1B31DCCEB137,2019-07-12T04:21:11.4788705+05:30,New York,261,Regular
FC6018B3-B934-4FFF-B6A9-904C4B3082C7,2019-07-12T04:31:11.4788705+05:30,Seattle,429,Regular
039AA17C-2C5C-4A4F-B019-D416D0E4F5E6,2019-07-12T04:41:11.4788705+05:30,Miami,602,Regular
1AF29CA0-FBF2-48B6-9D0B-88FF331FADC1,2019-07-12T04:51:11.4788705+05:30,Kahului,231,Regular
B3B19755-C6E5-4E4A-B423-1B31DCCEB137,2019-07-12T05:01:11.4788705+05:30,New York,440,Regular
B3B19755-C6E5-4E4A-B423-1B31DCCEB137,2019-07-12T05:11:11.4788705+05:30,New York,846,Regular
039AA17C-2C5C-4A4F-B019-D416D0E4F5E6,2019-07-12T05:21:11.4788705+05:30,Miami,512,Regular
039AA17C-2C5C-4A4F-B019-D416D0E4F5E6,2019-07-12T05:21:13.4788705+05:30,San Francisco,413,Suspect
FC6018B3-B934-4FFF-B6A9-904C4B3082C7,2019-07-12T05:31:11.4788705+05:30,Seattle,546,Regular
1AF29CA0-FBF2-48B6-9D0B-88FF331FADC1,2019-07-12T05:41:11.4788705+05:30,Kahului,310,Regular
039AA17C-2C5C-4A4F-B019-D416D0E4F5E6,2019-07-12T05:51:11.4788705+05:30,Miami,729,Regular
1AF29CA0-FBF2-48B6-9D0B-88FF331FADC1,2019-07-12T06:01:11.4788705+05:30,Kahului,487,Regular
FC6018B3-B934-4FFF-B6A9-904C4B3082C7,2019-07-12T06:11:11.4788705+05:30,Seattle,558,Regular
71B3B20F-0BD1-4C1D-BA33-3264D904581C,2019-07-12T06:21:11.4788705+05:30,San Francisco,679,Regular
FC6018B3-B934-4FFF-B6A9-904C4B3082C7,2019-07-12T06:31:11.4788705+05:30,Seattle,607,Regular
FC6018B3-B934-4FFF-B6A9-904C4B3082C7,2019-07-12T06:41:11.4788705+05:30,Seattle,975,Regular
039AA17C-2C5C-4A4F-B019-D416D0E4F5E6,2019-07-12T06:51:11.4788705+05:30,Miami,843,Regular
1AF29CA0-FBF2-48B6-9D0B-88FF331FADC1,2019-07-12T07:01:11.4788705+05:30,Kahului,868,Regular
1AF29CA0-FBF2-48B6-9D0B-88FF331FADC1,2019-07-12T07:01:13.4788705+05:30,New York,830,Suspect
71B3B20F-0BD1-4C1D-BA33-3264D904581C,2019-07-12T07:11:11.4788705+05:30,San Francisco,107,Regular
71B3B20F-0BD1-4C1D-BA33-3264D904581C,2019-07-12T07:21:11.4788705+05:30,San Francisco,742,Regular
FC6018B3-B934-4FFF-B6A9-904C4B3082C7,2019-07-12T07:31:11.4788705+05:30,Seattle,661,Regular
FC6018B3-B934-4FFF-B6A9-904C4B3082C7,2019-07-12T07:41:11.4788705+05:30,Seattle,588,Regular
FC6018B3-B934-4FFF-B6A9-904C4B3082C7,2019-07-12T07:51:11.4788705+05:30,Seattle,407,Regular
1AF29CA0-FBF2-48B6-9D0B-88FF331FADC1,2019-07-12T08:01:11.4788705+05:30,Kahului,517,Regular
B3B19755-C6E5-4E4A-B423-1B31DCCEB137,2019-07-12T08:11:11.4788705+05:30,New York,471,Regular
FC6018B3-B934-4FFF-B6A9-904C4B3082C7,2019-07-12T08:21:11.4788705+05:30,Seattle,28,Regular
FC6018B3-B934-4FFF-B6A9-904C4B3082C7,2019-07-12T08:31:11.4788705+05:30,Seattle,735,Regular
71B3B20F-0BD1-4C1D-BA33-3264D904581C,2019-07-12T08:41:11.4788705+05:30,San Francisco,156,Regular
B3B19755-C6E5-4E4A-B423-1B31DCCEB137,2019-07-12T08:51:11.4788705+05:30,New York,206,Regular
B3B19755-C6E5-4E4A-B423-1B31DCCEB137,2019-07-12T09:01:11.4788705+05:30,New York,668,Regular
1AF29CA0-FBF2-48B6-9D0B-88FF331FADC1,2019-07-12T09:11:11.4788705+05:30,Kahului,642,Regular
1AF29CA0-FBF2-48B6-9D0B-88FF331FADC1,2019-07-12T09:21:11.4788705+05:30,Kahului,223,Regular
B3B19755-C6E5-4E4A-B423-1B31DCCEB137,2019-07-12T09:31:11.4788705+05:30,New York,756,Regular
71B3B20F-0BD1-4C1D-BA33-3264D904581C,2019-07-12T09:41:11.4788705+05:30,San Francisco,197,Regular
FC6018B3-B934-4FFF-B6A9-904C4B3082C7,2019-07-12T09:51:11.4788705+05:30,Seattle,678,Regular
B3B19755-C6E5-4E4A-B423-1B31DCCEB137,2019-07-12T10:01:11.4788705+05:30,New York,92,Regular
71B3B20F-0BD1-4C1D-BA33-3264D904581C,2019-07-12T10:11:11.4788705+05:30,San Francisco,558,Regular
FC6018B3-B934-4FFF-B6A9-904C4B3082C7,2019-07-12T10:21:11.4788705+05:30,Seattle,116,Regular
FC6018B3-B934-4FFF-B6A9-904C4B3082C7,2019-07-12T10:31:11.4788705+05:30,Seattle,352,Regular
B3B19755-C6E5-4E4A-B423-1B31DCCEB137,2019-07-12T10:41:11.4788705+05:30,New York,510,Regular
71B3B20F-0BD1-4C1D-BA33-3264D904581C,2019-07-12T10:51:11.4788705+05:30,San Francisco,554,Regular
1AF29CA0-FBF2-48B6-9D0B-88FF331FADC1,2019-07-12T11:01:11.4788705+05:30,Kahului,768,Regular
1AF29CA0-FBF2-48B6-9D0B-88FF331FADC1,2019-07-12T11:01:13.4788705+05:30,Miami,731,Suspect
1AF29CA0-FBF2-48B6-9D0B-88FF331FADC1,2019-07-12T11:11:11.4788705+05:30,Kahului,652,Regular
71B3B20F-0BD1-4C1D-BA33-3264D904581C,2019-07-12T11:21:11.4788705+05:30,San Francisco,695,Regular
1AF29CA0-FBF2-48B6-9D0B-88FF331FADC1,2019-07-12T11:31:11.4788705+05:30,Kahului,217,Regular
71B3B20F-0BD1-4C1D-BA33-3264D904581C,2019-07-12T11:41:11.4788705+05:30,San Francisco,51,Regular
B3B19755-C6E5-4E4A-B423-1B31DCCEB137,2019-07-12T11:51:11.4788705+05:30,New York,190,Regular
FC6018B3-B934-4FFF-B6A9-904C4B3082C7,2019-07-12T12:01:11.4788705+05:30,Seattle,561,Regular
FC6018B3-B934-4FFF-B6A9-904C4B3082C7,2019-07-12T12:11:11.4788705+05:30,Seattle,713,Regular
1AF29CA0-FBF2-48B6-9D0B-88FF331FADC1,2019-07-12T12:21:11.4788705+05:30,Kahului,978,Regular
039AA17C-2C5C-4A4F-B019-D416D0E4F5E6,2019-07-12T12:31:11.4788705+05:30,Miami,959,Regular
71B3B20F-0BD1-4C1D-BA33-3264D904581C,2019-07-12T12:41:11.4788705+05:30,San Francisco,333,Regular
FC6018B3-B934-4FFF-B6A9-904C4B3082C7,2019-07-12T12:51:11.4788705+05:30,Seattle,650,Regular
1AF29CA0-FBF2-48B6-9D0B-88FF331FADC1,2019-07-12T13:01:11.4788705+05:30,Kahului,112,Regular
B3B19755-C6E5-4E4A-B423-1B31DCCEB137,2019-07-12T13:11:11.4788705+05:30,New York,806,Regular
B3B19755-C6E5-4E4A-B423-1B31DCCEB137,2019-07-12T13:21:11.4788705+05:30,New York,469,Regular
B3B19755-C6E5-4E4A-B423-1B31DCCEB137,2019-07-12T13:31:11.4788705+05:30,New York,29,Regular
B3B19755-C6E5-4E4A-B423-1B31DCCEB137,2019-07-12T13:31:13.4788705+05:30,Seattle,268,Suspect
71B3B20F-0BD1-4C1D-BA33-3264D904581C,2019-07-12T13:41:11.4788705+05:30,San Francisco,628,Regular
B3B19755-C6E5-4E4A-B423-1B31DCCEB137,2019-07-12T13:51:11.4788705+05:30,New York,348,Regular
FC6018B3-B934-4FFF-B6A9-904C4B3082C7,2019-07-12T14:01:11.4788705+05:30,Seattle,377,Regular
1AF29CA0-FBF2-48B6-9D0B-88FF331FADC1,2019-07-12T14:11:11.4788705+05:30,Kahului,26,Regular
1AF29CA0-FBF2-48B6-9D0B-88FF331FADC1,2019-07-12T14:21:11.4788705+05:30,Kahului,895,Regular
039AA17C-2C5C-4A4F-B019-D416D0E4F5E6,2019-07-12T14:31:11.4788705+05:30,Miami,568,Regular
B3B19755-C6E5-4E4A-B423-1B31DCCEB137,2019-07-12T14:41:11.4788705+05:30,New York,774,Regular
FC6018B3-B934-4FFF-B6A9-904C4B3082C7,2019-07-12T14:51:11.4788705+05:30,Seattle,854,Regular
1AF29CA0-FBF2-48B6-9D0B-88FF331FADC1,2019-07-12T15:01:11.4788705+05:30,Kahului,115,Regular
71B3B20F-0BD1-4C1D-BA33-3264D904581C,2019-07-12T15:11:11.4788705+05:30,San Francisco,823,Regular
039AA17C-2C5C-4A4F-B019-D416D0E4F5E6,2019-07-12T15:21:11.4788705+05:30,Miami,181,Regular
1AF29CA0-FBF2-48B6-9D0B-88FF331FADC1,2019-07-12T15:31:11.4788705+05:30,Kahului,139,Regular
1AF29CA0-FBF2-48B6-9D0B-88FF331FADC1,2019-07-12T15:41:11.4788705+05:30,Kahului,298,Regular
71B3B20F-0BD1-4C1D-BA33-3264D904581C,2019-07-12T15:51:11.4788705+05:30,San Francisco,389,Regular
1AF29CA0-FBF2-48B6-9D0B-88FF331FADC1,2019-07-12T16:01:11.4788705+05:30,Kahului,930,Regular
1AF29CA0-FBF2-48B6-9D0B-88FF331FADC1,2019-07-12T16:11:11.4788705+05:30,Kahului,16,Regular
B3B19755-C6E5-4E4A-B423-1B31DCCEB137,2019-07-12T16:21:11.4788705+05:30,New York,865,Regular
B3B19755-C6E5-4E4A-B423-1B31DCCEB137,2019-07-12T16:31:11.4788705+05:30,New York,308,Regular
B3B19755-C6E5-4E4A-B423-1B31DCCEB137,2019-07-12T16:41:11.4788705+05:30,New York,955,Regular
1AF29CA0-FBF2-48B6-9D0B-88FF331FADC1,2019-07-12T16:51:11.4788705+05:30,Kahului,940,Regular
71B3B20F-0BD1-4C1D-BA33-3264D904581C,2019-07-12T17:01:11.4788705+05:30,San Francisco,734,Regular
B3B19755-C6E5-4E4A-B423-1B31DCCEB137,2019-07-12T17:11:11.4788705+05:30,New York,826,Regular
039AA17C-2C5C-4A4F-B019-D416D0E4F5E6,2019-07-12T17:21:11.4788705+05:30,Miami,457,Regular
039AA17C-2C5C-4A4F-B019-D416D0E4F5E6,2019-07-12T17:21:13.4788705+05:30,Kahului,179,Suspect
B3B19755-C6E5-4E4A-B423-1B31DCCEB137,2019-07-12T17:31:11.4788705+05:30,New York,99,Regular
FC6018B3-B934-4FFF-B6A9-904C4B3082C7,2019-07-12T17:41:11.4788705+05:30,Seattle,345,Regular
1AF29CA0-FBF2-48B6-9D0B-88FF331FADC1,2019-07-12T17:51:11.4788705+05:30,Kahului,974,Regular
039AA17C-2C5C-4A4F-B019-D416D0E4F5E6,2019-07-12T18:01:11.4788705+05:30,Miami,671,Regular
B3B19755-C6E5-4E4A-B423-1B31DCCEB137,2019-07-12T18:11:11.4788705+05:30,New York,490,Regular
B3B19755-C6E5-4E4A-B423-1B31DCCEB137,2019-07-12T18:21:11.4788705+05:30,New York,199,Regular
1AF29CA0-FBF2-48B6-9D0B-88FF331FADC1,2019-07-12T18:31:11.4788705+05:30,Kahului,931,Regular
039AA17C-2C5C-4A4F-B019-D416D0E4F5E6,2019-07-12T18:41:11.4788705+05:30,Miami,69,Regular
039AA17C-2C5C-4A4F-B019-D416D0E4F5E6,2019-07-12T18:51:11.4788705+05:30,Miami,181,Regular
FC6018B3-B934-4FFF-B6A9-904C4B3082C7,2019-07-12T19:01:11.4788705+05:30,Seattle,935,Regular
1AF29CA0-FBF2-48B6-9D0B-88FF331FADC1,2019-07-12T19:11:11.4788705+05:30,Kahului,817,Regular
B3B19755-C6E5-4E4A-B423-1B31DCCEB137,2019-07-12T19:21:11.4788705+05:30,New York,191,Regular
039AA17C-2C5C-4A4F-B019-D416D0E4F5E6,2019-07-12T19:31:11.4788705+05:30,Miami,109,Regular
039AA17C-2C5C-4A4F-B019-D416D0E4F5E6,2019-07-12T19:41:11.4788705+05:30,Miami,850,Regular
1AF29CA0-FBF2-48B6-9D0B-88FF331FADC1,2019-07-12T19:51:11.4788705+05:30,Kahului,135,Regular
1AF29CA0-FBF2-48B6-9D0B-88FF331FADC1,2019-07-12T19:51:13.4788705+05:30,Seattle,213,Suspect
B3B19755-C6E5-4E4A-B423-1B31DCCEB137,2019-07-12T20:01:11.4788705+05:30,New York,402,Regular
039AA17C-2C5C-4A4F-B019-D416D0E4F5E6,2019-07-12T20:11:11.4788705+05:30,Miami,808,Regular
B3B19755-C6E5-4E4A-B423-1B31DCCEB137,2019-07-12T20:21:11.4788705+05:30,New York,618,Regular
039AA17C-2C5C-4A4F-B019-D416D0E4F5E6,2019-07-12T20:31:11.4788705+05:30,Miami,196,Regular
039AA17C-2C5C-4A4F-B019-D416D0E4F5E6,2019-07-12T20:31:13.4788705+05:30,Kahului,164,Suspect
1AF29CA0-FBF2-48B6-9D0B-88FF331FADC1,2019-07-12T20:41:11.4788705+05:30,Kahului,40,Regular
71B3B20F-0BD1-4C1D-BA33-3264D904581C,2019-07-12T20:51:11.4788705+05:30,San Francisco,853,Regular
FC6018B3-B934-4FFF-B6A9-904C4B3082C7,2019-07-12T21:01:11.4788705+05:30,Seattle,299,Regular
B3B19755-C6E5-4E4A-B423-1B31DCCEB137,2019-07-12T21:11:11.4788705+05:30,New York,91,Regular
1AF29CA0-FBF2-48B6-9D0B-88FF331FADC1,2019-07-12T21:21:11.4788705+05:30,Kahului,81,Regular
FC6018B3-B934-4FFF-B6A9-904C4B3082C7,2019-07-12T21:31:11.4788705+05:30,Seattle,934,Regular
1AF29CA0-FBF2-48B6-9D0B-88FF331FADC1,2019-07-12T21:41:11.4788705+05:30,Kahului,586,Regular
039AA17C-2C5C-4A4F-B019-D416D0E4F5E6,2019-07-12T21:51:11.4788705+05:30,Miami,962,Regular
039AA17C-2C5C-4A4F-B019-D416D0E4F5E6,2019-07-12T22:01:11.4788705+05:30,Miami,245,Regular
71B3B20F-0BD1-4C1D-BA33-3264D904581C,2019-07-12T22:11:11.4788705+05:30,San Francisco,278,Regular
039AA17C-2C5C-4A4F-B019-D416D0E4F5E6,2019-07-12T22:21:11.4788705+05:30,Miami,378,Regular
039AA17C-2C5C-4A4F-B019-D416D0E4F5E6,2019-07-12T22:21:13.4788705+05:30,Kahului,612,Suspect
FC6018B3-B934-4FFF-B6A9-904C4B3082C7,2019-07-12T22:31:11.4788705+05:30,Seattle,807,Regular
B3B19755-C6E5-4E4A-B423-1B31DCCEB137,2019-07-12T22:41:11.4788705+05:30,New York,210,Regular
039AA17C-2C5C-4A4F-B019-D416D0E4F5E6,2019-07-12T22:51:11.4788705+05:30,Miami,956,Regular
71B3B20F-0BD1-4C1D-BA33-3264D904581C,2019-07-12T23:01:11.4788705+05:30,San Francisco,106,Regular
1AF29CA0-FBF2-48B6-9D0B-88FF331FADC1,2019-07-12T23:11:11.4788705+05:30,Kahului,448,Regular
B3B19755-C6E5-4E4A-B423-1B31DCCEB137,2019-07-12T23:21:11.4788705+05:30,New York,405,Regular
71B3B20F-0BD1-4C1D-BA33-3264D904581C,2019-07-12T23:31:11.4788705+05:30,San Francisco,751,Regular
FC6018B3-B934-4FFF-B6A9-904C4B3082C7,2019-07-12T23:41:11.4788705+05:30,Seattle,352,Regular
1AF29CA0-FBF2-48B6-9D0B-88FF331FADC1,2019-07-12T23:51:11.4788705+05:30,Kahului,732,Regular
039AA17C-2C5C-4A4F-B019-D416D0E4F5E6,2019-07-13T00:01:11.4788705+05:30,Miami,498,Regular
039AA17C-2C5C-4A4F-B019-D416D0E4F5E6,2019-07-13T00:01:13.4788705+05:30,Kahului,713,Suspect
039AA17C-2C5C-4A4F-B019-D416D0E4F5E6,2019-07-13T00:11:11.4788705+05:30,Miami,51,Regular
B3B19755-C6E5-4E4A-B423-1B31DCCEB137,2019-07-13T00:21:11.4788705+05:30,New York,340,Regular
B3B19755-C6E5-4E4A-B423-1B31DCCEB137,2019-07-13T00:31:11.4788705+05:30,New York,622,Regular
039AA17C-2C5C-4A4F-B019-D416D0E4F5E6,2019-07-13T00:41:11.4788705+05:30,Miami,643,Regular
FC6018B3-B934-4FFF-B6A9-904C4B3082C7,2019-07-13T00:51:11.4788705+05:30,Seattle,623,Regular
FC6018B3-B934-4FFF-B6A9-904C4B3082C7,2019-07-13T01:01:11.4788705+05:30,Seattle,701,Regular
039AA17C-2C5C-4A4F-B019-D416D0E4F5E6,2019-07-13T01:11:11.4788705+05:30,Miami,89,Regular
71B3B20F-0BD1-4C1D-BA33-3264D904581C,2019-07-13T01:21:11.4788705+05:30,San Francisco,911,Regular
1AF29CA0-FBF2-48B6-9D0B-88FF331FADC1,2019-07-13T01:31:11.4788705+05:30,Kahului,803,Regular
1AF29CA0-FBF2-48B6-9D0B-88FF331FADC1,2019-07-13T01:41:11.4788705+05:30,Kahului,42,Regular
039AA17C-2C5C-4A4F-B019-D416D0E4F5E6,2019-07-13T01:51:11.4788705+05:30,Miami,688,Regular
FC6018B3-B934-4FFF-B6A9-904C4B3082C7,2019-07-13T02:01:11.4788705+05:30,Seattle,283,Regular
FC6018B3-B934-4FFF-B6A9-904C4B3082C7,2019-07-13T02:11:11.4788705+05:30,Seattle,48,Regular
1AF29CA0-FBF2-48B6-9D0B-88FF331FADC1,2019-07-13T02:21:11.4788705+05:30,Kahului,56,Regular
039AA17C-2C5C-4A4F-B019-D416D0E4F5E6,2019-07-13T02:31:11.4788705+05:30,Miami,373,Regular
B3B19755-C6E5-4E4A-B423-1B31DCCEB137,2019-07-13T02:41:11.4788705+05:30,New York,147,Regular
039AA17C-2C5C-4A4F-B019-D416D0E4F5E6,2019-07-13T02:51:11.4788705+05:30,Miami,662,Regular
71B3B20F-0BD1-4C1D-BA33-3264D904581C,2019-07-13T03:01:11.4788705+05:30,San Francisco,14,Regular
1AF29CA0-FBF2-48B6-9D0B-88FF331FADC1,2019-07-13T03:11:11.4788705+05:30,Kahului,478,Regular
FC6018B3-B934-4FFF-B6A9-904C4B3082C7,2019-07-13T03:21:11.4788705+05:30,Seattle,73,Regular
B3B19755-C6E5-4E4A-B423-1B31DCCEB137,2019-07-13T03:31:11.4788705+05:30,New York,755,Regular
B3B19755-C6E5-4E4A-B423-1B31DCCEB137,2019-07-13T03:41:11.4788705+05:30,New York,287,Regular
B3B19755-C6E5-4E4A-B423-1B31DCCEB137,2019-07-13T03:41:13.4788705+05:30,Miami,64,Suspect
B3B19755-C6E5-4E4A-B423-1B31DCCEB137,2019-07-13T03:51:11.4788705+05:30,New York,988,Regular
71B3B20F-0BD1-4C1D-BA33-3264D904581C,2019-07-13T04:01:11.4788705+05:30,San Francisco,98,Regular
1AF29CA0-FBF2-48B6-9D0B-88FF331FADC1,2019-07-13T04:11:11.4788705+05:30,Kahului,249,Regular
1AF29CA0-FBF2-48B6-9D0B-88FF331FADC1,2019-07-13T04:11:13.4788705+05:30,Seattle,539,Suspect
FC6018B3-B934-4FFF-B6A9-904C4B3082C7,2019-07-13T04:21:11.4788705+05:30,Seattle,657,Regular
1AF29CA0-FBF2-48B6-9D0B-88FF331FADC1,2019-07-13T04:31:11.4788705+05:30,Kahului,379,Regular
B3B19755-C6E5-4E4A-B423-1B31DCCEB137,2019-07-13T04:41:11.4788705+05:30,New York,675,Regular
B3B19755-C6E5-4E4A-B423-1B31DCCEB137,2019-07-13T04:51:11.4788705+05:30,New York,804,Regular
039AA17C-2C5C-4A4F-B019-D416D0E4F5E6,2019-07-13T05:01:11.4788705+05:30,Miami,975,Regular
71B3B20F-0BD1-4C1D-BA33-3264D904581C,2019-07-13T05:11:11.4788705+05:30,San Francisco,300,Regular
71B3B20F-0BD1-4C1D-BA33-3264D904581C,2019-07-13T05:21:11.4788705+05:30,San Francisco,87,Regular
B3B19755-C6E5-4E4A-B423-1B31DCCEB137,2019-07-13T05:31:11.4788705+05:30,New York,688,Regular
1AF29CA0-FBF2-48B6-9D0B-88FF331FADC1,2019-07-13T05:41:11.4788705+05:30,Kahului,390,Regular
1AF29CA0-FBF2-48B6-9D0B-88FF331FADC1,2019-07-13T05:51:11.4788705+05:30,Kahului,258,Regular
B3B19755-C6E5-4E4A-B423-1B31DCCEB137,2019-07-13T06:01:11.4788705+05:30,New York,434,Regular
1AF29CA0-FBF2-48B6-9D0B-88FF331FADC1,2019-07-13T06:11:11.4788705+05:30,Kahului,861,Regular
039AA17C-2C5C-4A4F-B019-D416D0E4F5E6,2019-07-13T06:21:11.4788705+05:30,Miami,905,Regular
71B3B20F-0BD1-4C1D-BA33-3264D904581C,2019-07-13T06:31:11.4788705+05:30,San Francisco,472,Regular
71B3B20F-0BD1-4C1D-BA33-3264D904581C,2019-07-13T06:41:11.4788705+05:30,San Francisco,988,Regular
B3B19755-C6E5-4E4A-B423-1B31DCCEB137,2019-07-13T06:51:11.4788705+05:30,New York,112,Regular
B3B19755-C6E5-4E4A-B423-1B31DCCEB137,2019-07-13T06:51:13.4788705+05:30,Kahului,878,Suspect
1AF29CA0-FBF2-48B6-9D0B-88FF331FADC1,2019-07-13T07:01:11.4788705+05:30,Kahului,874,Regular
71B3B20F-0BD1-4C1D-BA33-3264D904581C,2019-07-13T07:11:11.4788705+05:30,San Francisco,718,Regular
FC6018B3-B934-4FFF-B6A9-904C4B3082C7,2019-07-13T07:21:11.4788705+05:30,Seattle,12,Regular
71B3B20F-0BD1-4C1D-BA33-3264D904581C,2019-07-13T07:31:11.4788705+05:30,San Francisco,924,Regular
71B3B20F-0BD1-4C1D-BA33-3264D904581C,2019-07-13T07:41:11.4788705+05:30,San Francisco,828,Regular
FC6018B3-B934-4FFF-B6A9-904C4B3082C7,2019-07-13T07:51:11.4788705+05:30,Seattle,377,Regular
B3B19755-C6E5-4E4A-B423-1B31DCCEB137,2019-07-13T08:01:11.4788705+05:30,New York,340,Regular
1AF29CA0-FBF2-48B6-9D0B-88FF331FADC1,2019-07-13T08:11:11.4788705+05:30,Kahului,173,Regular
71B3B20F-0BD1-4C1D-BA33-3264D904581C,2019-07-13T08:21:11.4788705+05:30,San Francisco,200,Regular
B3B19755-C6E5-4E4A-B423-1B31DCCEB137,2019-07-13T08:31:11.4788705+05:30,New York,108,Regular
1AF29CA0-FBF2-48B6-9D0B-88FF331FADC1,2019-07-13T08:41:11.4788705+05:30,Kahului,990,Regular
1AF29CA0-FBF2-48B6-9D0B-88FF331FADC1,2019-07-13T08:51:11.4788705+05:30,Kahului,857,Regular
B3B19755-C6E5-4E4A-B423-1B31DCCEB137,2019-07-13T09:01:11.4788705+05:30,New York,149,Regular
039AA17C-2C5C-4A4F-B019-D416D0E4F5E6,2019-07-13T09:11:11.4788705+05:30,Miami,910,Regular
71B3B20F-0BD1-4C1D-BA33-3264D904581C,2019-07-13T09:21:11.4788705+05:30,San Francisco,214,Regular
B3B19755-C6E5-4E4A-B423-1B31DCCEB137,2019-07-13T09:31:11.4788705+05:30,New York,862,Regular
039AA17C-2C5C-4A4F-B019-D416D0E4F5E6,2019-07-13T09:41:11.4788705+05:30,Miami,166,Regular
1AF29CA0-FBF2-48B6-9D0B-88FF331FADC1,2019-07-13T09:51:11.4788705+05:30,Kahului,564,Regular
B3B19755-C6E5-4E4A-B423-1B31DCCEB137,2019-07-13T10:01:11.4788705+05:30,New York,339,Regular
1AF29CA0-FBF2-48B6-9D0B-88FF331FADC1,2019-07-13T10:11:11.4788705+05:30,Kahului,837,Regular
B3B19755-C6E5-4E4A-B423-1B31DCCEB137,2019-07-13T10:21:11.4788705+05:30,New York,270,Regular
039AA17C-2C5C-4A4F-B019-D416D0E4F5E6,2019-07-13T10:31:11.4788705+05:30,Miami,710,Regular
039AA17C-2C5C-4A4F-B019-D416D0E4F5E6,2019-07-13T10:41:11.4788705+05:30,Miami,953,Regular
039AA17C-2C5C-4A4F-B019-D416D0E4F5E6,2019-07-13T10:51:11.4788705+05:30,Miami,186,Regular
71B3B20F-0BD1-4C1D-BA33-3264D904581C,2019-07-13T11:01:11.4788705+05:30,San Francisco,282,Regular
B3B19755-C6E5-4E4A-B423-1B31DCCEB137,2019-07-13T11:11:11.4788705+05:30,New York,701,Regular
039AA17C-2C5C-4A4F-B019-D416D0E4F5E6,2019-07-13T11:21:11.4788705+05:30,Miami,409,Regular
71B3B20F-0BD1-4C1D-BA33-3264D904581C,2019-07-13T11:31:11.4788705+05:30,San Francisco,714,Regular
039AA17C-2C5C-4A4F-B019-D416D0E4F5E6,2019-07-13T11:41:11.4788705+05:30,Miami,697,Regular
B3B19755-C6E5-4E4A-B423-1B31DCCEB137,2019-07-13T11:51:11.4788705+05:30,New York,387,Regular
B3B19755-C6E5-4E4A-B423-1B31DCCEB137,2019-07-13T12:01:11.4788705+05:30,New York,304,Regular
71B3B20F-0BD1-4C1D-BA33-3264D904581C,2019-07-13T12:11:11.4788705+05:30,San Francisco,338,Regular
1AF29CA0-FBF2-48B6-9D0B-88FF331FADC1,2019-07-13T12:21:11.4788705+05:30,Kahului,108,Regular
B3B19755-C6E5-4E4A-B423-1B31DCCEB137,2019-07-13T12:31:11.4788705+05:30,New York,607,Regular
039AA17C-2C5C-4A4F-B019-D416D0E4F5E6,2019-07-13T12:41:11.4788705+05:30,Miami,574,Regular
039AA17C-2C5C-4A4F-B019-D416D0E4F5E6,2019-07-13T12:51:11.4788705+05:30,Miami,960,Regular
71B3B20F-0BD1-4C1D-BA33-3264D904581C,2019-07-13T13:01:11.4788705+05:30,San Francisco,594,Regular
1AF29CA0-FBF2-48B6-9D0B-88FF331FADC1,2019-07-13T13:11:11.4788705+05:30,Kahului,18,Regular
B3B19755-C6E5-4E4A-B423-1B31DCCEB137,2019-07-13T13:21:11.4788705+05:30,New York,775,Regular
B3B19755-C6E5-4E4A-B423-1B31DCCEB137,2019-07-13T13:31:11.4788705+05:30,New York,595,Regular
FC6018B3-B934-4FFF-B6A9-904C4B3082C7,2019-07-13T13:41:11.4788705+05:30,Seattle,470,Regular
B3B19755-C6E5-4E4A-B423-1B31DCCEB137,2019-07-13T13:51:11.4788705+05:30,New York,521,Regular
039AA17C-2C5C-4A4F-B019-D416D0E4F5E6,2019-07-13T14:01:11.4788705+05:30,Miami,227,Regular
039AA17C-2C5C-4A4F-B019-D416D0E4F5E6,2019-07-13T14:11:11.4788705+05:30,Miami,156,Regular
B3B19755-C6E5-4E4A-B423-1B31DCCEB137,2019-07-13T14:21:11.4788705+05:30,New York,294,Regular
039AA17C-2C5C-4A4F-B019-D416D0E4F5E6,2019-07-13T14:31:11.4788705+05:30,Miami,871,Regular
FC6018B3-B934-4FFF-B6A9-904C4B3082C7,2019-07-13T14:41:11.4788705+05:30,Seattle,583,Regular
1AF29CA0-FBF2-48B6-9D0B-88FF331FADC1,2019-07-13T14:51:11.4788705+05:30,Kahului,20,Regular
1AF29CA0-FBF2-48B6-9D0B-88FF331FADC1,2019-07-13T15:01:11.4788705+05:30,Kahului,147,Regular
71B3B20F-0BD1-4C1D-BA33-3264D904581C,2019-07-13T15:11:11.4788705+05:30,San Francisco,213,Regular
B3B19755-C6E5-4E4A-B423-1B31DCCEB137,2019-07-13T15:21:11.4788705+05:30,New York,366,Regular
B3B19755-C6E5-4E4A-B423-1B31DCCEB137,2019-07-13T15:31:11.4788705+05:30,New York,63,Regular
FC6018B3-B934-4FFF-B6A9-904C4B3082C7,2019-07-13T15:41:11.4788705+05:30,Seattle,396,Regular
FC6018B3-B934-4FFF-B6A9-904C4B3082C7,2019-07-13T15:51:11.4788705+05:30,Seattle,490,Regular
1AF29CA0-FBF2-48B6-9D0B-88FF331FADC1,2019-07-13T16:01:11.4788705+05:30,Kahului,320,Regular
B3B19755-C6E5-4E4A-B423-1B31DCCEB137,2019-07-13T16:11:11.4788705+05:30,New York,290,Regular
B3B19755-C6E5-4E4A-B423-1B31DCCEB137,2019-07-13T16:11:13.4788705+05:30,Kahului,627,Suspect
1AF29CA0-FBF2-48B6-9D0B-88FF331FADC1,2019-07-13T16:21:11.4788705+05:30,Kahului,415,Regular
FC6018B3-B934-4FFF-B6A9-904C4B3082C7,2019-07-13T16:31:11.4788705+05:30,Seattle,277,Regular
FC6018B3-B934-4FFF-B6A9-904C4B3082C7,2019-07-13T16:31:13.4788705+05:30,San Francisco,450,Suspect
1AF29CA0-FBF2-48B6-9D0B-88FF331FADC1,2019-07-13T16:41:11.4788705+05:30,Kahului,375,Regular
B3B19755-C6E5-4E4A-B423-1B31DCCEB137,2019-07-13T16:51:11.4788705+05:30,New York,15,Regular
B3B19755-C6E5-4E4A-B423-1B31DCCEB137,2019-07-13T16:51:13.4788705+05:30,San Francisco,705,Suspect
1AF29CA0-FBF2-48B6-9D0B-88FF331FADC1,2019-07-13T17:01:11.4788705+05:30,Kahului,963,Regular
71B3B20F-0BD1-4C1D-BA33-3264D904581C,2019-07-13T17:11:11.4788705+05:30,San Francisco,87,Regular
B3B19755-C6E5-4E4A-B423-1B31DCCEB137,2019-07-13T17:21:11.4788705+05:30,New York,864,Regular
FC6018B3-B934-4FFF-B6A9-904C4B3082C7,2019-07-13T17:31:11.4788705+05:30,Seattle,807,Regular
FC6018B3-B934-4FFF-B6A9-904C4B3082C7,2019-07-13T17:31:13.4788705+05:30,Kahului,355,Suspect
039AA17C-2C5C-4A4F-B019-D416D0E4F5E6,2019-07-13T17:41:11.4788705+05:30,Miami,562,Regular
71B3B20F-0BD1-4C1D-BA33-3264D904581C,2019-07-13T17:51:11.4788705+05:30,San Francisco,659,Regular
1AF29CA0-FBF2-48B6-9D0B-88FF331FADC1,2019-07-13T18:01:11.4788705+05:30,Kahului,500,Regular
71B3B20F-0BD1-4C1D-BA33-3264D904581C,2019-07-13T18:11:11.4788705+05:30,San Francisco,687,Regular
B3B19755-C6E5-4E4A-B423-1B31DCCEB137,2019-07-13T18:21:11.4788705+05:30,New York,678,Regular
B3B19755-C6E5-4E4A-B423-1B31DCCEB137,2019-07-13T18:31:11.4788705+05:30,New York,719,Regular
039AA17C-2C5C-4A4F-B019-D416D0E4F5E6,2019-07-13T18:41:11.4788705+05:30,Miami,649,Regular
039AA17C-2C5C-4A4F-B019-D416D0E4F5E6,2019-07-13T18:51:11.4788705+05:30,Miami,493,Regular
039AA17C-2C5C-4A4F-B019-D416D0E4F5E6,2019-07-13T19:01:11.4788705+05:30,Miami,428,Regular
71B3B20F-0BD1-4C1D-BA33-3264D904581C,2019-07-13T19:11:11.4788705+05:30,San Francisco,919,Regular
71B3B20F-0BD1-4C1D-BA33-3264D904581C,2019-07-13T19:21:11.4788705+05:30,San Francisco,750,Regular
B3B19755-C6E5-4E4A-B423-1B31DCCEB137,2019-07-13T19:31:11.4788705+05:30,New York,518,Regular
FC6018B3-B934-4FFF-B6A9-904C4B3082C7,2019-07-13T19:41:11.4788705+05:30,Seattle,554,Regular
1AF29CA0-FBF2-48B6-9D0B-88FF331FADC1,2019-07-13T19:51:11.4788705+05:30,Kahului,424,Regular
1AF29CA0-FBF2-48B6-9D0B-88FF331FADC1,2019-07-13T19:51:13.4788705+05:30,New York,749,Suspect
B3B19755-C6E5-4E4A-B423-1B31DCCEB137,2019-07-13T20:01:11.4788705+05:30,New York,519,Regular
1AF29CA0-FBF2-48B6-9D0B-88FF331FADC1,2019-07-13T20:11:11.4788705+05:30,Kahului,363,Regular
1AF29CA0-FBF2-48B6-9D0B-88FF331FADC1,2019-07-13T20:21:11.4788705+05:30,Kahului,850,Regular
FC6018B3-B934-4FFF-B6A9-904C4B3082C7,2019-07-13T20:31:11.4788705+05:30,Seattle,876,Regular
B3B19755-C6E5-4E4A-B423-1B31DCCEB137,2019-07-13T20:41:11.4788705+05:30,New York,292,Regular
1AF29CA0-FBF2-48B6-9D0B-88FF331FADC1,2019-07-13T20:51:11.4788705+05:30,Kahului,342,Regular
71B3B20F-0BD1-4C1D-BA33-3264D904581C,2019-07-13T21:01:11.4788705+05:30,San Francisco,939,Regular
FC6018B3-B934-4FFF-B6A9-904C4B3082C7,2019-07-13T21:11:11.4788705+05:30,Seattle,149,Regular
FC6018B3-B934-4FFF-B6A9-904C4B3082C7,2019-07-13T21:21:11.4788705+05:30,Seattle,470,Regular
1AF29CA0-FBF2-48B6-9D0B-88FF331FADC1,2019-07-13T21:31:11.4788705+05:30,Kahului,235,Regular
B3B19755-C6E5-4E4A-B423-1B31DCCEB137,2019-07-13T21:41:11.4788705+05:30,New York,381,Regular
B3B19755-C6E5-4E4A-B423-1B31DCCEB137,2019-07-13T21:51:11.4788705+05:30,New York,985,Regular
FC6018B3-B934-4FFF-B6A9-904C4B3082C7,2019-07-13T22:01:11.4788705+05:30,Seattle,917,Regular
1AF29CA0-FBF2-48B6-9D0B-88FF331FADC1,2019-07-13T22:11:11.4788705+05:30,Kahului,991,Regular
1AF29CA0-FBF2-48B6-9D0B-88FF331FADC1,2019-07-13T22:21:11.4788705+05:30,Kahului,714,Regular
039AA17C-2C5C-4A4F-B019-D416D0E4F5E6,2019-07-13T22:31:11.4788705+05:30,Miami,963,Regular
B3B19755-C6E5-4E4A-B423-1B31DCCEB137,2019-07-13T22:41:11.4788705+05:30,New York,490,Regular
1AF29CA0-FBF2-48B6-9D0B-88FF331FADC1,2019-07-13T22:51:11.4788705+05:30,Kahului,1,Regular
039AA17C-2C5C-4A4F-B019-D416D0E4F5E6,2019-07-13T23:01:11.4788705+05:30,Miami,42,Regular
71B3B20F-0BD1-4C1D-BA33-3264D904581C,2019-07-13T23:11:11.4788705+05:30,San Francisco,251,Regular
039AA17C-2C5C-4A4F-B019-D416D0E4F5E6,2019-07-13T23:21:11.4788705+05:30,Miami,118,Regular
1AF29CA0-FBF2-48B6-9D0B-88FF331FADC1,2019-07-13T23:31:11.4788705+05:30,Kahului,481,Regular
B3B19755-C6E5-4E4A-B423-1B31DCCEB137,2019-07-13T23:41:11.4788705+05:30,New York,110,Regular
71B3B20F-0BD1-4C1D-BA33-3264D904581C,2019-07-13T23:51:11.4788705+05:30,San Francisco,454,Regular
B3B19755-C6E5-4E4A-B423-1B31DCCEB137,2019-07-14T00:01:11.4788705+05:30,New York,302,Regular
039AA17C-2C5C-4A4F-B019-D416D0E4F5E6,2019-07-14T00:11:11.4788705+05:30,Miami,271,Regular
B3B19755-C6E5-4E4A-B423-1B31DCCEB137,2019-07-14T00:21:11.4788705+05:30,New York,172,Regular
B3B19755-C6E5-4E4A-B423-1B31DCCEB137,2019-07-14T00:31:11.4788705+05:30,New York,408,Regular
1AF29CA0-FBF2-48B6-9D0B-88FF331FADC1,2019-07-14T00:41:11.4788705+05:30,Kahului,31,Regular
71B3B20F-0BD1-4C1D-BA33-3264D904581C,2019-07-14T00:51:11.4788705+05:30,San Francisco,571,Regular
039AA17C-2C5C-4A4F-B019-D416D0E4F5E6,2019-07-14T01:01:11.4788705+05:30,Miami,223,Regular
1AF29CA0-FBF2-48B6-9D0B-88FF331FADC1,2019-07-14T01:11:11.4788705+05:30,Kahului,312,Regular
039AA17C-2C5C-4A4F-B019-D416D0E4F5E6,2019-07-14T01:21:11.4788705+05:30,Miami,161,Regular
71B3B20F-0BD1-4C1D-BA33-3264D904581C,2019-07-14T01:31:11.4788705+05:30,San Francisco,35,Regular
039AA17C-2C5C-4A4F-B019-D416D0E4F5E6,2019-07-14T01:41:11.4788705+05:30,Miami,108,Regular
FC6018B3-B934-4FFF-B6A9-904C4B3082C7,2019-07-14T01:51:11.4788705+05:30,Seattle,737,Regular
1AF29CA0-FBF2-48B6-9D0B-88FF331FADC1,2019-07-14T02:01:11.4788705+05:30,Kahului,951,Regular
1AF29CA0-FBF2-48B6-9D0B-88FF331FADC1,2019-07-14T02:11:11.4788705+05:30,Kahului,315,Regular
FC6018B3-B934-4FFF-B6A9-904C4B3082C7,2019-07-14T02:21:11.4788705+05:30,Seattle,786,Regular
1AF29CA0-FBF2-48B6-9D0B-88FF331FADC1,2019-07-14T02:31:11.4788705+05:30,Kahului,620,Regular
B3B19755-C6E5-4E4A-B423-1B31DCCEB137,2019-07-14T02:41:11.4788705+05:30,New York,186,Regular
B3B19755-C6E5-4E4A-B423-1B31DCCEB137,2019-07-14T02:51:11.4788705+05:30,New York,875,Regular
71B3B20F-0BD1-4C1D-BA33-3264D904581C,2019-07-14T03:01:11.4788705+05:30,San Francisco,577,Regular
039AA17C-2C5C-4A4F-B019-D416D0E4F5E6,2019-07-14T03:11:11.4788705+05:30,Miami,348,Regular
FC6018B3-B934-4FFF-B6A9-904C4B3082C7,2019-07-14T03:21:11.4788705+05:30,Seattle,880,Regular
FC6018B3-B934-4FFF-B6A9-904C4B3082C7,2019-07-14T03:31:11.4788705+05:30,Seattle,998,Regular
71B3B20F-0BD1-4C1D-BA33-3264D904581C,2019-07-14T03:41:11.4788705+05:30,San Francisco,616,Regular
71B3B20F-0BD1-4C1D-BA33-3264D904581C,2019-07-14T03:51:11.4788705+05:30,San Francisco,907,Regular
1AF29CA0-FBF2-48B6-9D0B-88FF331FADC1,2019-07-14T04:01:11.4788705+05:30,Kahului,839,Regular
039AA17C-2C5C-4A4F-B019-D416D0E4F5E6,2019-07-14T04:11:11.4788705+05:30,Miami,494,Regular
B3B19755-C6E5-4E4A-B423-1B31DCCEB137,2019-07-14T04:21:11.4788705+05:30,New York,218,Regular
B3B19755-C6E5-4E4A-B423-1B31DCCEB137,2019-07-14T04:31:11.4788705+05:30,New York,245,Regular
039AA17C-2C5C-4A4F-B019-D416D0E4F5E6,2019-07-14T04:41:11.4788705+05:30,Miami,821,Regular
71B3B20F-0BD1-4C1D-BA33-3264D904581C,2019-07-14T04:51:11.4788705+05:30,San Francisco,512,Regular
FC6018B3-B934-4FFF-B6A9-904C4B3082C7,2019-07-14T05:01:11.4788705+05:30,Seattle,785,Regular
1AF29CA0-FBF2-48B6-9D0B-88FF331FADC1,2019-07-14T05:11:11.4788705+05:30,Kahului,735,Regular
B3B19755-C6E5-4E4A-B423-1B31DCCEB137,2019-07-14T05:21:11.4788705+05:30,New York,733,Regular
1AF29CA0-FBF2-48B6-9D0B-88FF331FADC1,2019-07-14T05:31:11.4788705+05:30,Kahului,163,Regular
FC6018B3-B934-4FFF-B6A9-904C4B3082C7,2019-07-14T05:41:11.4788705+05:30,Seattle,434,Regular
71B3B20F-0BD1-4C1D-BA33-3264D904581C,2019-07-14T05:51:11.4788705+05:30,San Francisco,190,Regular
FC6018B3-B934-4FFF-B6A9-904C4B3082C7,2019-07-14T06:01:11.4788705+05:30,Seattle,169,Regular
FC6018B3-B934-4FFF-B6A9-904C4B3082C7,2019-07-14T06:11:11.4788705+05:30,Seattle,911,Regular
FC6018B3-B934-4FFF-B6A9-904C4B3082C7,2019-07-14T06:21:11.4788705+05:30,Seattle,417,Regular
1AF29CA0-FBF2-48B6-9D0B-88FF331FADC1,2019-07-14T06:31:11.4788705+05:30,Kahului,338,Regular
FC6018B3-B934-4FFF-B6A9-904C4B3082C7,2019-07-14T06:41:11.4788705+05:30,Seattle,903,Regular
FC6018B3-B934-4FFF-B6A9-904C4B3082C7,2019-07-14T06:51:11.4788705+05:30,Seattle,972,Regular
FC6018B3-B934-4FFF-B6A9-904C4B3082C7,2019-07-14T07:01:11.4788705+05:30,Seattle,512,Regular
FC6018B3-B934-4FFF-B6A9-904C4B3082C7,2019-07-14T07:01:13.4788705+05:30,New York,648,Suspect
1AF29CA0-FBF2-48B6-9D0B-88FF331FADC1,2019-07-14T07:11:11.4788705+05:30,Kahului,754,Regular
FC6018B3-B934-4FFF-B6A9-904C4B3082C7,2019-07-14T07:21:11.4788705+05:30,Seattle,628,Regular
039AA17C-2C5C-4A4F-B019-D416D0E4F5E6,2019-07-14T07:31:11.4788705+05:30,Miami,397,Regular
1AF29CA0-FBF2-48B6-9D0B-88FF331FADC1,2019-07-14T07:41:11.4788705+05:30,Kahului,483,Regular
71B3B20F-0BD1-4C1D-BA33-3264D904581C,2019-07-14T07:51:11.4788705+05:30,San Francisco,245,Regular
039AA17C-2C5C-4A4F-B019-D416D0E4F5E6,2019-07-14T08:01:11.4788705+05:30,Miami,92,Regular
71B3B20F-0BD1-4C1D-BA33-3264D904581C,2019-07-14T08:11:11.4788705+05:30,San Francisco,651,Regular
71B3B20F-0BD1-4C1D-BA33-3264D904581C,2019-07-14T08:21:11.4788705+05:30,San Francisco,341,Regular
71B3B20F-0BD1-4C1D-BA33-3264D904581C,2019-07-14T08:31:11.4788705+05:30,San Francisco,23,Regular
B3B19755-C6E5-4E4A-B423-1B31DCCEB137,2019-07-14T08:41:11.4788705+05:30,New York,903,Regular
1AF29CA0-FBF2-48B6-9D0B-88FF331FADC1,2019-07-14T08:51:11.4788705+05:30,Kahului,848,Regular
B3B19755-C6E5-4E4A-B423-1B31DCCEB137,2019-07-14T09:01:11.4788705+05:30,New York,725,Regular
FC6018B3-B934-4FFF-B6A9-904C4B3082C7,2019-07-14T09:11:11.4788705+05:30,Seattle,32,Regular
1AF29CA0-FBF2-48B6-9D0B-88FF331FADC1,2019-07-14T09:21:11.4788705+05:30,Kahului,720,Regular
039AA17C-2C5C-4A4F-B019-D416D0E4F5E6,2019-07-14T09:31:11.4788705+05:30,Miami,872,Regular
B3B19755-C6E5-4E4A-B423-1B31DCCEB137,2019-07-14T09:41:11.4788705+05:30,New York,56,Regular
1AF29CA0-FBF2-48B6-9D0B-88FF331FADC1,2019-07-14T09:51:11.4788705+05:30,Kahului,541,Regular
B3B19755-C6E5-4E4A-B423-1B31DCCEB137,2019-07-14T10:01:11.4788705+05:30,New York,675,Regular
039AA17C-2C5C-4A4F-B019-D416D0E4F5E6,2019-07-14T10:11:11.4788705+05:30,Miami,128,Regular
B3B19755-C6E5-4E4A-B423-1B31DCCEB137,2019-07-14T10:21:11.4788705+05:30,New York,639,Regular
1AF29CA0-FBF2-48B6-9D0B-88FF331FADC1,2019-07-14T10:31:11.4788705+05:30,Kahului,412,Regular
B3B19755-C6E5-4E4A-B423-1B31DCCEB137,2019-07-14T10:41:11.4788705+05:30,New York,264,Regular
1AF29CA0-FBF2-48B6-9D0B-88FF331FADC1,2019-07-14T10:51:11.4788705+05:30,Kahului,754,Regular
B3B19755-C6E5-4E4A-B423-1B31DCCEB137,2019-07-14T11:01:11.4788705+05:30,New York,400,Regular
FC6018B3-B934-4FFF-B6A9-904C4B3082C7,2019-07-14T11:11:11.4788705+05:30,Seattle,975,Regular
039AA17C-2C5C-4A4F-B019-D416D0E4F5E6,2019-07-14T11:21:11.4788705+05:30,Miami,66,Regular
B3B19755-C6E5-4E4A-B423-1B31DCCEB137,2019-07-14T11:31:11.4788705+05:30,New York,139,Regular
039AA17C-2C5C-4A4F-B019-D416D0E4F5E6,2019-07-14T11:41:11.4788705+05:30,Miami,910,Regular
71B3B20F-0BD1-4C1D-BA33-3264D904581C,2019-07-14T11:51:11.4788705+05:30,San Francisco,147,Regular
FC6018B3-B934-4FFF-B6A9-904C4B3082C7,2019-07-14T12:01:11.4788705+05:30,Seattle,958,Regular
B3B19755-C6E5-4E4A-B423-1B31DCCEB137,2019-07-14T12:11:11.4788705+05:30,New York,280,Regular
71B3B20F-0BD1-4C1D-BA33-3264D904581C,2019-07-14T12:21:11.4788705+05:30,San Francisco,473,Regular
71B3B20F-0BD1-4C1D-BA33-3264D904581C,2019-07-14T12:31:11.4788705+05:30,San Francisco,591,Regular
1AF29CA0-FBF2-48B6-9D0B-88FF331FADC1,2019-07-14T12:41:11.4788705+05:30,Kahului,936,Regular
71B3B20F-0BD1-4C1D-BA33-3264D904581C,2019-07-14T12:51:11.4788705+05:30,San Francisco,530,Regular
FC6018B3-B934-4FFF-B6A9-904C4B3082C7,2019-07-14T13:01:11.4788705+05:30,Seattle,256,Regular
1AF29CA0-FBF2-48B6-9D0B-88FF331FADC1,2019-07-14T13:11:11.4788705+05:30,Kahului,908,Regular
FC6018B3-B934-4FFF-B6A9-904C4B3082C7,2019-07-14T13:21:11.4788705+05:30,Seattle,955,Regular
B3B19755-C6E5-4E4A-B423-1B31DCCEB137,2019-07-14T13:31:11.4788705+05:30,New York,616,Regular
B3B19755-C6E5-4E4A-B423-1B31DCCEB137,2019-07-14T13:41:11.4788705+05:30,New York,697,Regular
FC6018B3-B934-4FFF-B6A9-904C4B3082C7,2019-07-14T13:51:11.4788705+05:30,Seattle,301,Regular
1AF29CA0-FBF2-48B6-9D0B-88FF331FADC1,2019-07-14T14:01:11.4788705+05:30,Kahului,974,Regular
FC6018B3-B934-4FFF-B6A9-904C4B3082C7,2019-07-14T14:11:11.4788705+05:30,Seattle,347,Regular
B3B19755-C6E5-4E4A-B423-1B31DCCEB137,2019-07-14T14:21:11.4788705+05:30,New York,7,Regular
B3B19755-C6E5-4E4A-B423-1B31DCCEB137,2019-07-14T14:31:11.4788705+05:30,New York,54,Regular
71B3B20F-0BD1-4C1D-BA33-3264D904581C,2019-07-14T14:41:11.4788705+05:30,San Francisco,527,Regular
71B3B20F-0BD1-4C1D-BA33-3264D904581C,2019-07-14T14:51:11.4788705+05:30,San Francisco,898,Regular
039AA17C-2C5C-4A4F-B019-D416D0E4F5E6,2019-07-14T15:01:11.4788705+05:30,Miami,457,Regular
FC6018B3-B934-4FFF-B6A9-904C4B3082C7,2019-07-14T15:11:11.4788705+05:30,Seattle,796,Regular
71B3B20F-0BD1-4C1D-BA33-3264D904581C,2019-07-14T15:21:11.4788705+05:30,San Francisco,544,Regular
039AA17C-2C5C-4A4F-B019-D416D0E4F5E6,2019-07-14T15:31:11.4788705+05:30,Miami,318,Regular
039AA17C-2C5C-4A4F-B019-D416D0E4F5E6,2019-07-14T15:41:11.4788705+05:30,Miami,325,Regular
1AF29CA0-FBF2-48B6-9D0B-88FF331FADC1,2019-07-14T15:51:11.4788705+05:30,Kahului,286,Regular
B3B19755-C6E5-4E4A-B423-1B31DCCEB137,2019-07-14T16:01:11.4788705+05:30,New York,690,Regular
B3B19755-C6E5-4E4A-B423-1B31DCCEB137,2019-07-14T16:01:13.4788705+05:30,Miami,197,Suspect
B3B19755-C6E5-4E4A-B423-1B31DCCEB137,2019-07-14T16:11:11.4788705+05:30,New York,588,Regular
FC6018B3-B934-4FFF-B6A9-904C4B3082C7,2019-07-14T16:21:11.4788705+05:30,Seattle,299,Regular
039AA17C-2C5C-4A4F-B019-D416D0E4F5E6,2019-07-14T16:31:11.4788705+05:30,Miami,121,Regular
039AA17C-2C5C-4A4F-B019-D416D0E4F5E6,2019-07-14T16:41:11.4788705+05:30,Miami,225,Regular
039AA17C-2C5C-4A4F-B019-D416D0E4F5E6,2019-07-14T16:51:11.4788705+05:30,Miami,746,Regular
71B3B20F-0BD1-4C1D-BA33-3264D904581C,2019-07-14T17:01:11.4788705+05:30,San Francisco,797,Regular
1AF29CA0-FBF2-48B6-9D0B-88FF331FADC1,2019-07-14T17:11:11.4788705+05:30,Kahului,645,Regular
039AA17C-2C5C-4A4F-B019-D416D0E4F5E6,2019-07-14T17:21:11.4788705+05:30,Miami,580,Regular
71B3B20F-0BD1-4C1D-BA33-3264D904581C,2019-07-14T17:31:11.4788705+05:30,San Francisco,565,Regular
FC6018B3-B934-4FFF-B6A9-904C4B3082C7,2019-07-14T17:41:11.4788705+05:30,Seattle,825,Regular
FC6018B3-B934-4FFF-B6A9-904C4B3082C7,2019-07-14T17:51:11.4788705+05:30,Seattle,982,Regular
71B3B20F-0BD1-4C1D-BA33-3264D904581C,2019-07-14T18:01:11.4788705+05:30,San Francisco,148,Regular
71B3B20F-0BD1-4C1D-BA33-3264D904581C,2019-07-14T18:01:13.4788705+05:30,Miami,709,Suspect
B3B19755-C6E5-4E4A-B423-1B31DCCEB137,2019-07-14T18:11:11.4788705+05:30,New York,570,Regular
1AF29CA0-FBF2-48B6-9D0B-88FF331FADC1,2019-07-14T18:21:11.4788705+05:30,Kahului,408,Regular
FC6018B3-B934-4FFF-B6A9-904C4B3082C7,2019-07-14T18:31:11.4788705+05:30,Seattle,338,Regular
1AF29CA0-FBF2-48B6-9D0B-88FF331FADC1,2019-07-14T18:41:11.4788705+05:30,Kahului,900,Regular
71B3B20F-0BD1-4C1D-BA33-3264D904581C,2019-07-14T18:51:11.4788705+05:30,San Francisco,913,Regular
FC6018B3-B934-4FFF-B6A9-904C4B3082C7,2019-07-14T19:01:11.4788705+05:30,Seattle,630,Regular
71B3B20F-0BD1-4C1D-BA33-3264D904581C,2019-07-14T19:11:11.4788705+05:30,San Francisco,720,Regular
71B3B20F-0BD1-4C1D-BA33-3264D904581C,2019-07-14T19:11:13.4788705+05:30,Seattle,733,Suspect
039AA17C-2C5C-4A4F-B019-D416D0E4F5E6,2019-07-14T19:21:11.4788705+05:30,Miami,296,Regular
1AF29CA0-FBF2-48B6-9D0B-88FF331FADC1,2019-07-14T19:31:11.4788705+05:30,Kahului,243,Regular
1AF29CA0-FBF2-48B6-9D0B-88FF331FADC1,2019-07-14T19:41:11.4788705+05:30,Kahului,598,Regular
B3B19755-C6E5-4E4A-B423-1B31DCCEB137,2019-07-14T19:51:11.4788705+05:30,New York,376,Regular
FC6018B3-B934-4FFF-B6A9-904C4B3082C7,2019-07-14T20:01:11.4788705+05:30,Seattle,877,Regular
FC6018B3-B934-4FFF-B6A9-904C4B3082C7,2019-07-14T20:11:11.4788705+05:30,Seattle,484,Regular
FC6018B3-B934-4FFF-B6A9-904C4B3082C7,2019-07-14T20:21:11.4788705+05:30,Seattle,773,Regular
B3B19755-C6E5-4E4A-B423-1B31DCCEB137,2019-07-14T20:31:11.4788705+05:30,New York,449,Regular
039AA17C-2C5C-4A4F-B019-D416D0E4F5E6,2019-07-14T20:41:11.4788705+05:30,Miami,875,Regular
1AF29CA0-FBF2-48B6-9D0B-88FF331FADC1,2019-07-14T20:51:11.4788705+05:30,Kahului,935,Regular
039AA17C-2C5C-4A4F-B019-D416D0E4F5E6,2019-07-14T21:01:11.4788705+05:30,Miami,248,Regular
039AA17C-2C5C-4A4F-B019-D416D0E4F5E6,2019-07-14T21:11:11.4788705+05:30,Miami,918,Regular
71B3B20F-0BD1-4C1D-BA33-3264D904581C,2019-07-14T21:21:11.4788705+05:30,San Francisco,504,Regular
FC6018B3-B934-4FFF-B6A9-904C4B3082C7,2019-07-14T21:31:11.4788705+05:30,Seattle,962,Regular
FC6018B3-B934-4FFF-B6A9-904C4B3082C7,2019-07-14T21:41:11.4788705+05:30,Seattle,906,Regular
039AA17C-2C5C-4A4F-B019-D416D0E4F5E6,2019-07-14T21:51:11.4788705+05:30,Miami,874,Regular
1AF29CA0-FBF2-48B6-9D0B-88FF331FADC1,2019-07-14T22:01:11.4788705+05:30,Kahului,930,Regular
B3B19755-C6E5-4E4A-B423-1B31DCCEB137,2019-07-14T22:11:11.4788705+05:30,New York,783,Regular
039AA17C-2C5C-4A4F-B019-D416D0E4F5E6,2019-07-14T22:21:11.4788705+05:30,Miami,509,Regular
039AA17C-2C5C-4A4F-B019-D416D0E4F5E6,2019-07-14T22:31:11.4788705+05:30,Miami,298,Regular
71B3B20F-0BD1-4C1D-BA33-3264D904581C,2019-07-14T22:41:11.4788705+05:30,San Francisco,448,Regular
1AF29CA0-FBF2-48B6-9D0B-88FF331FADC1,2019-07-14T22:51:11.4788705+05:30,Kahului,481,Regular
FC6018B3-B934-4FFF-B6A9-904C4B3082C7,2019-07-14T23:01:11.4788705+05:30,Seattle,476,Regular
039AA17C-2C5C-4A4F-B019-D416D0E4F5E6,2019-07-14T23:11:11.4788705+05:30,Miami,584,Regular
039AA17C-2C5C-4A4F-B019-D416D0E4F5E6,2019-07-14T23:21:11.4788705+05:30,Miami,761,Regular
039AA17C-2C5C-4A4F-B019-D416D0E4F5E6,2019-07-14T23:31:11.4788705+05:30,Miami,877,Regular
B3B19755-C6E5-4E4A-B423-1B31DCCEB137,2019-07-14T23:41:11.4788705+05:30,New York,566,Regular
FC6018B3-B934-4FFF-B6A9-904C4B3082C7,2019-07-14T23:51:11.4788705+05:30,Seattle,879,Regular
FC6018B3-B934-4FFF-B6A9-904C4B3082C7,2019-07-15T00:01:11.4788705+05:30,Seattle,369,Regular
B3B19755-C6E5-4E4A-B423-1B31DCCEB137,2019-07-15T00:11:11.4788705+05:30,New York,343,Regular
B3B19755-C6E5-4E4A-B423-1B31DCCEB137,2019-07-15T00:21:11.4788705+05:30,New York,963,Regular
71B3B20F-0BD1-4C1D-BA33-3264D904581C,2019-07-15T00:31:11.4788705+05:30,San Francisco,647,Regular
B3B19755-C6E5-4E4A-B423-1B31DCCEB137,2019-07-15T00:41:11.4788705+05:30,New York,964,Regular
B3B19755-C6E5-4E4A-B423-1B31DCCEB137,2019-07-15T00:51:11.4788705+05:30,New York,402,Regular
71B3B20F-0BD1-4C1D-BA33-3264D904581C,2019-07-15T01:01:11.4788705+05:30,San Francisco,767,Regular
71B3B20F-0BD1-4C1D-BA33-3264D904581C,2019-07-15T01:11:11.4788705+05:30,San Francisco,544,Regular
FC6018B3-B934-4FFF-B6A9-904C4B3082C7,2019-07-15T01:21:11.4788705+05:30,Seattle,175,Regular
1AF29CA0-FBF2-48B6-9D0B-88FF331FADC1,2019-07-15T01:31:11.4788705+05:30,Kahului,606,Regular
1AF29CA0-FBF2-48B6-9D0B-88FF331FADC1,2019-07-15T01:41:11.4788705+05:30,Kahului,929,Regular
B3B19755-C6E5-4E4A-B423-1B31DCCEB137,2019-07-15T01:51:11.4788705+05:30,New York,84,Regular
FC6018B3-B934-4FFF-B6A9-904C4B3082C7,2019-07-15T02:01:11.4788705+05:30,Seattle,428,Regular
FC6018B3-B934-4FFF-B6A9-904C4B3082C7,2019-07-15T02:11:11.4788705+05:30,Seattle,192,Regular
1AF29CA0-FBF2-48B6-9D0B-88FF331FADC1,2019-07-15T02:21:11.4788705+05:30,Kahului,420,Regular
FC6018B3-B934-4FFF-B6A9-904C4B3082C7,2019-07-15T02:31:11.4788705+05:30,Seattle,739,Regular
039AA17C-2C5C-4A4F-B019-D416D0E4F5E6,2019-07-15T02:41:11.4788705+05:30,Miami,408,Regular
FC6018B3-B934-4FFF-B6A9-904C4B3082C7,2019-07-15T02:51:11.4788705+05:30,Seattle,338,Regular
FC6018B3-B934-4FFF-B6A9-904C4B3082C7,2019-07-15T03:01:11.4788705+05:30,Seattle,871,Regular
039AA17C-2C5C-4A4F-B019-D416D0E4F5E6,2019-07-15T03:11:11.4788705+05:30,Miami,748,Regular
FC6018B3-B934-4FFF-B6A9-904C4B3082C7,2019-07-15T03:21:11.4788705+05:30,Seattle,239,Regular
71B3B20F-0BD1-4C1D-BA33-3264D904581C,2019-07-15T03:31:11.4788705+05:30,San Francisco,289,Regular
1AF29CA0-FBF2-48B6-9D0B-88FF331FADC1,2019-07-15T03:41:11.4788705+05:30,Kahului,843,Regular
039AA17C-2C5C-4A4F-B019-D416D0E4F5E6,2019-07-15T03:51:11.4788705+05:30,Miami,56,Regular
039AA17C-2C5C-4A4F-B019-D416D0E4F5E6,2019-07-15T04:01:11.4788705+05:30,Miami,167,Regular
B3B19755-C6E5-4E4A-B423-1B31DCCEB137,2019-07-15T04:11:11.4788705+05:30,New York,769,Regular
FC6018B3-B934-4FFF-B6A9-904C4B3082C7,2019-07-15T04:21:11.4788705+05:30,Seattle,852,Regular
B3B19755-C6E5-4E4A-B423-1B31DCCEB137,2019-07-15T04:31:11.4788705+05:30,New York,189,Regular
FC6018B3-B934-4FFF-B6A9-904C4B3082C7,2019-07-15T04:41:11.4788705+05:30,Seattle,766,Regular
B3B19755-C6E5-4E4A-B423-1B31DCCEB137,2019-07-15T04:51:11.4788705+05:30,New York,997,Regular
71B3B20F-0BD1-4C1D-BA33-3264D904581C,2019-07-15T05:01:11.4788705+05:30,San Francisco,222,Regular
1AF29CA0-FBF2-48B6-9D0B-88FF331FADC1,2019-07-15T05:11:11.4788705+05:30,Kahului,769,Regular
039AA17C-2C5C-4A4F-B019-D416D0E4F5E6,2019-07-15T05:21:11.4788705+05:30,Miami,300,Regular
FC6018B3-B934-4FFF-B6A9-904C4B3082C7,2019-07-15T05:31:11.4788705+05:30,Seattle,352,Regular
039AA17C-2C5C-4A4F-B019-D416D0E4F5E6,2019-07-15T05:41:11.4788705+05:30,Miami,802,Regular
039AA17C-2C5C-4A4F-B019-D416D0E4F5E6,2019-07-15T05:41:13.4788705+05:30,San Francisco,190,Suspect
71B3B20F-0BD1-4C1D-BA33-3264D904581C,2019-07-15T05:51:11.4788705+05:30,San Francisco,536,Regular
039AA17C-2C5C-4A4F-B019-D416D0E4F5E6,2019-07-15T06:01:11.4788705+05:30,Miami,701,Regular
B3B19755-C6E5-4E4A-B423-1B31DCCEB137,2019-07-15T06:11:11.4788705+05:30,New York,732,Regular
FC6018B3-B934-4FFF-B6A9-904C4B3082C7,2019-07-15T06:21:11.4788705+05:30,Seattle,159,Regular
039AA17C-2C5C-4A4F-B019-D416D0E4F5E6,2019-07-15T06:31:11.4788705+05:30,Miami,126,Regular
B3B19755-C6E5-4E4A-B423-1B31DCCEB137,2019-07-15T06:41:11.4788705+05:30,New York,668,Regular
FC6018B3-B934-4FFF-B6A9-904C4B3082C7,2019-07-15T06:51:11.4788705+05:30,Seattle,295,Regular
71B3B20F-0BD1-4C1D-BA33-3264D904581C,2019-07-15T07:01:11.4788705+05:30,San Francisco,623,Regular
B3B19755-C6E5-4E4A-B423-1B31DCCEB137,2019-07-15T07:11:11.4788705+05:30,New York,991,Regular
B3B19755-C6E5-4E4A-B423-1B31DCCEB137,2019-07-15T07:21:11.4788705+05:30,New York,540,Regular
1AF29CA0-FBF2-48B6-9D0B-88FF331FADC1,2019-07-15T07:31:11.4788705+05:30,Kahului,846,Regular
71B3B20F-0BD1-4C1D-BA33-3264D904581C,2019-07-15T07:41:11.4788705+05:30,San Francisco,420,Regular
039AA17C-2C5C-4A4F-B019-D416D0E4F5E6,2019-07-15T07:51:11.4788705+05:30,Miami,111,Regular
B3B19755-C6E5-4E4A-B423-1B31DCCEB137,2019-07-15T08:01:11.4788705+05:30,New York,783,Regular
71B3B20F-0BD1-4C1D-BA33-3264D904581C,2019-07-15T08:11:11.4788705+05:30,San Francisco,902,Regular
FC6018B3-B934-4FFF-B6A9-904C4B3082C7,2019-07-15T08:21:11.4788705+05:30,Seattle,610,Regular
71B3B20F-0BD1-4C1D-BA33-3264D904581C,2019-07-15T08:31:11.4788705+05:30,San Francisco,51,Regular
71B3B20F-0BD1-4C1D-BA33-3264D904581C,2019-07-15T08:41:11.4788705+05:30,San Francisco,518,Regular
039AA17C-2C5C-4A4F-B019-D416D0E4F5E6,2019-07-15T08:51:11.4788705+05:30,Miami,774,Regular
039AA17C-2C5C-4A4F-B019-D416D0E4F5E6,2019-07-15T08:51:13.4788705+05:30,New York,632,Suspect
